Id,Title,Desc,TypeTab,SystemPlace,SortID,ParentID,FatherID,HasSwitch,SystemAtlas,SystemIcon,Systembutton,FunctionOrder,NpcJudgeFunction,CanOpenFx,FunctionPreviewOpen,BaseLevel,JobLevel,TaskId,OpenCloseTime,ServerOpenTime,ServerDescLv,NoticeDescLv,NoticeDescTask,NoticeDescTask2,CanNotice,NoticeBaseLevel,NoticeTitleText1,NoticeTitleText2,NoticeTitleAtlas,NoticeTitleImg,NoticeTitlePhoto,NoticeAtlas,NoticePhoto,NoticeReward,IsOpen,ProfessionLimit,LoginDays,AchievementLevel,IsOpenInCrossServer
功能Id,标题,描述,功能分类（1主界面 2二级界面 3npc处 4程序特判）,主界面图标位置 (A1 B2 C3 D4)typetab=1时需要,图标排序typetab=1时需要,归属功能Idtypetab=2时需要（只供客户端表现用）,父ID（功能开关用）,是否有功能开关,功能图集,功能图标,功能按钮,功能函数名（程序提供）,判断函数（给NPC添加功能函数时，对应按钮是否显示判断程序提供）,是否添加开启特效,功能预览（日常玩法、NPC功能）,开放base等级          （0为初始默认开放）,开放Job等级          （0为初始默认开放）,完成任务Id,开启关闭时间和日期,开服时间(秒),功能开启服务器等级,功能个人开放等级,功能任务名,功能任务名-任务描述,功能预告的出现顺序（需要功能预告时配置）,预告Base等级,预告标题文本1,预告标题文本2,预告图集,预告标题,预告图片,预告图集,预告图片,预告奖励,是否开启（1开启 0关闭）,职业限制，支持配多个(6000|6101)，无限制时需要配成空值,累计登录N天后开启该功能（不填或填0为不受此条件影响）,成就等级（成就徽章）（满足对应成就等级才能开启功能）,跨服时是否开启(0关闭1开启)
107,设置,"各种选项设置的入口,Options,Settings",1,3,6,0,107,0,Icon01,UI_Icon_Shezhi.png,Icon_SHEZHI,SetupEvent,,,,1,,,,,,,,,,,,,,,,,,,1,,,,1
120,仓库服务,背包之外额外放道具的空间,3,,,,120,1,Icon01,UI_Icon_Cangku.png,,OpenPotEvent,,,,1,,,,,,,,,,,,,,,,,,,1,,,,1
1090,存储服务,在一个地图的卡普拉那里选择“存储服务”会记录一下，如果玩家死了会在该地图的卡普拉处复活,3,,,,1090,0,,,,KplSavePointEvent,,,,1,,,,,,,,,,,,,,,,,,,1,,,,1
130,好友,,3,,,,130,1,,,,,,,,1,,,,,,,,,,,,,,,,,,,1,,,,1
13001,邮件,,3,,,,13001,1,,,,,,,,1,,,,,,,,,,,,,,,,,,,1,,,,1
6100,,开宝箱掉道具,3,,,,6100,0,Icon01,UI_Icon_caizhai.png,,,,,,1,,,,,,,,,,,,,,,,,,,1,,,,1
6110,烹饪组合,,2,,,6000,6000,1,Icon01,UI_Icon_Yelian_Shipin.png,,,,,,0,,6000800,,,,,,,,,,,,,,,,,1,,,,1
6120,制药组合,,2,,,6000,6000,1,Icon01,UI_Icon_Yelian_Shipin.png,,,,,,0,,6000800,,,,,,,,,,,,,,,,,1,,,,1
6130,炼金术士配药,炼金职业专属配药功能,2,,,,108,1,,,,,,,,40,,,,,,,,,,,,,,,,,,,1,,,,1
6140,炼金术士生命体面板,炼金术士生命体面板,2,,,,,1,,,,OpenSlimeMainUI,,,,40,,,,,,,,,,,,,,,,,,,1,,,,1
6150,炼金术士配药面板,炼金术士配药面板,2,,,,,1,,,,OpenAlchemistMake,,,,40,,,,,,,,,,,,,,,,,,,1,,,,1
13003,,禁止加好友,3,,,,130,0,,,,,,,,1,,,,,,,,,,,,,,,,,,,1,,,,0
10807,材料,锻造页面显示用的“材料”页签,2,,,108,108,1,Icon01,UI_Icon_Duanzao02.png,,OpenMaterialMakeEvent,,,,1,,,,,,,,,,,,,,,,,,,1,,,,1
16001,表情,多功能界面——表情,,,,,160,1,CommonIcon,UI_CommonIcon_Tab_Biaoqing_0{0}.png,,,,,,1,,,,,,,,,,,,,,,,,,,1,,,,1
16002,常用语,多功能界面——常用语,,,,,160,1,CommonIcon,UI_CommonIcon_Tab_Duanyu_0{0}.png,,,,,,1,,,,,,,,,,,,,,,,,,,1,,,,1
10808,置换器,,2,,,108,108,1,Icon01,UI_Icon_Duanzao02.png,,OpenDisplacerMakeEvent,,,,1,,,,,,,,,,,,,,,,,,,1,,,,1
10809,使用置换器,,,,,,108,1,Icon01,UI_Icon_Duanzao02.png,,OpenDisplacerUseEvent,,,,20,,,,,,,,,,,,,,,,,,,1,,,,1
101,背包,就是MMO的背包，放道具的地方（2级开启）,4,3,,0,101,0,Icon01,UI_Icon_Beibao.png,Icon_Beibao,OpenBagEvent,,1,,0,,1000011,,,,,,,,,,,,,,,,,1,,,,1
104,照相,游戏里的拍照功能（3级开启）,4,3,,0,104,1,Icon01,UI_Icon_Xiangji02.png,Icon_Camera,CameraEvent,,1,,0,,1000040,,,,,,,,,,,,,,,,,1,,,,1
105,相册,3级开启 （2.1号开启1517418061=0）（3级开启）,1,3,5,0,105,1,Icon01,UI_Icon_Xiangce.png,Icon_Album,AlbumEvent,,,,0,,1000040,,,,,,,,,,,,,,,,,1,,,,1
143,角色属性,角色属性（7级开启）,5,,,,143,0,Icon02,UI_Icon_Juesejiadian.png,,ShowRoleInfoEvent,,,,0,,,,,,,,,,,,,,,,,,,1,,,,1
106,@衣橱##@,试穿和更换时装和饰品的界面。2级开启 （3.1号关闭0=1519833600）（9级开启）,1,3,1,,106,1,Icon01,UI_Icon_Zhuangban.png,Icon_Garderobe,GarderobeEvent,,1,,0,,1000150,,,,,,,,,,,,,,FunctionBG01,UI_functionOpen_Pic02.png,,1,,,,1
1080,兑换,用一些道具来换头饰、背饰之类的饰品,3,,,,1080,1,Icon01,UI_Icon_Zhuangban02.png,,OpenOrnamentBarterEvent,,,,10,,,,,,,,,,,,,,,,,,,1,,,,1
102,技能,默认开启无限制（10级开启）,1,1,1,,102,0,Icon01,UI_Icon_Jineng.png,Icon_Jineng,SkillEvent,,,,0,,1001070|1002070|1001570|1003060|1002550|1003550,,,,,,,,,,,,,,,,,1,,,,1
1001,转职选择,转职选择分支职业UI开启用,4,,,,,1,,,,OpenJobChoose,,,,40,,,,,,,,,,,,,,,,,,,1,,,,1
9001,转职,让自己变得更强的途径（10级开启）,3,,,,9001,0,Icon01,UI_Icon_Jineng.png,,,,,1,0,,1001060|1002060|1001560|1003050|1003540|1002540,,,,10,Function1_task_name,,1,1,zz_prefunction_title1,zz_prefunction_title2,FunctionPreview,UI_FunctionPreview_Text_13.png,UI_FunctionPreview_zhuanzhi_01,FunctionBG01,UI_functionOpen_Pic01.png,,1,,,,1
5120,野外战斗,在野图开自动战斗挂着,,,,,5120,0,Icon01,UI_Icon_Guaji.png,,OpenGuaji,,,,10,,,,,,,,,,,,,,,,,,,1,,,,1
11401,贴纸,展示在名片上的小图标，暂时没有,2,,,,114,1,,,,,,,,10,,,,,,,,,,,,,,,,,,,1,,,,1
1201,精英怪小地图图标,成就限制,,,,,1201,0,,,,,,,,10,,,,,,,,,,,,,,,,,,,1,,,3,1
1202,MINI怪小地图图标,成就限制,,,,,1202,0,,,,,,,,10,,,,,,,,,,,,,,,,,,,1,,,4,1
1203,MVP怪小地图图标,成就限制,,,,,1203,0,,,,,,,,10,,,,,,,,,,,,,,,,,,,1,,,5,1
3094,武器锻造,（12级开启）,3,,,,3094,1,Icon01,UI_Icon_Yelian_Wuqi.png,,OpenForgeEvent|1,,,10,0,,1004100,,,,12,Function2_task_name,,2,10,zzdz_prefunction_title1,zzdz_prefunction_title2,FunctionPreview,UI_FunctionPreview_Text_12.png,UI_FunctionPreview_duanzao_07,FunctionBG02,UI_functionOpen_Pic07.png,,1,,,,1
3095,防具锻造,（12级开启）,3,,,,3095,1,Icon01,UI_Icon_Yelian_Fangju.png,,OpenForgeEvent|2,,,,0,,1004100,,,,,,,,,,,,,,FunctionBG02,UI_functionOpen_Pic07.png,,1,,,,1
121,聊天室,聊天室20级开启,1,,,,121,1,,,,OpenChatRoom,,,,20,,,,,,,,,,,,,,,,,,,1,,,,0
5073,葛帔尼亚遗迹,需要靠近点燃的火盆获取光源，然后躲避怪物点亮指定数量的熄灭火盆,3,,,,5073,1,Icon02,UI_Icon_Huodong.png,,EnterDungeonEvent|2088,,,,16,,,,,,,,,,,,,,,,,,,1,,,,1
5078,玩法说明,黑暗迷宫玩法说明,3,,,,5078,0,,,,OpenGameTips|3,,,,16,,,,,,,,,,,,,,,,,,,1,,,,1
5074,灵巧试炼,,3,,,,5074,1,Icon02,UI_Icon_Weituo.png,,EnterDungeonEvent|8000,,,,16,,,,,,,,,,,,,,,,,,,1,,,,1
5077,玩法说明,躲避球玩法说明,3,,,,5077,0,,,,OpenGameTips|4,,,,16,,,,,,,,,,,,,,,,,,,1,,,,1
5075,教国谍影,监视目标，跟踪目标到达目的地但又不能被目标发现,3,,,,5075,1,Icon02,UI_Icon_Yongbingxuanze.png,,EnterDungeonEvent|2140,,,,16,,,,,,,,,,,,,,,,,,,1,,,,1
5079,玩法说明,教国谍影玩法说明,3,,,,5079,0,,,,OpenGameTips|5,,,,16,,,,,,,,,,,,,,,,,,,1,,,,1
114,手册,要改名成“手册”。可以查看游戏里各类信息：魔物信息、装备信息、卡片信息，还包括萌新手册、个性化图鉴（包括头像和贴纸），以及波利团,1,1,2,,114,0,Icon01,UI_Icon_Tujian.png,,OpenIllustrationEvent,,,,16,,,,,,,,,,,,,,,,,,,1,,,,0
11404,装备图鉴,,2,,,114,11404,0,HandbookIcon01,UI_HandbookIcon_Icon_03.png,,OpenIllustrationEquipmentEvent,,,,16,,,,,,,,,,,,,,,,,,,1,,,,1
116,冒险日记,“冒险日记”，收纳了玩家前期游戏历程的简单目标,2,,,114,114,1,HandbookIcon01,UI_HandbookIcon_Icon_01.png,,OpenAdventureDiary,,,,16,,,,,,,,,,,,,,,,,,,1,,,,1
111,公会,,1,3,2,0,111,0,Icon01,UI_Icon_Gonghui.png,Icon_Guild,OpenGuildEvent,,,,16,,,,,,,,,,,,,,,,,,,1,,,,0
2001,主题派对,,2,,,109,2001,1,Icon01,UI_Icon_Gonghuiyanhui.png,,EnterThemeParty,,,,16,,,,,,,,,,,,,,,,FunctionBG04,UI_functionOpen_Pic24.png,,1,,,,1
2002,领取邀请函,,3,,,,2002,0,Icon01,UI_Icon_Gonghuiyanhui.png,,ExchangePartyLetter,,,,16,,,,,,,,,,,,,,,,,,,1,,,,1
2003,进入派对,,3,,,,2003,0,Icon01,UI_Icon_Gonghuiyanhui.png,,EnterThemeParty,,,,16,,,,,,,,,,,,,,,,FunctionBG04,UI_functionOpen_Pic24.png,,1,,,,1
2004,派对说明,主题派对规则说明,3,,,,2004,0,Icon01,UI_Icon_xintiaohuiyi.png,,ShowThemePartyInfo,,,,16,,,,,,,,,,,,,,,,,,,1,,,,1
2005,主题币商店,主题币兑换的商店,3,,,,2005,1,Icon01,UI_Icon_Shangdian.png,,PropertyShopEvent|125,,,,16,,,,,,,,,,,,,,,,,,,1,,,,1
7000,公会宴会,,2|3,,,109,7000,1,Icon01,UI_Icon_Gonghuiyanhui.png,,,,,,16,,,,,,,,,,,,,,,,FunctionBG02,UI_functionOpen_Pic11.png,,1,,,,1
7001,宴会筹备,两个人一起玩的烹饪玩法，类似《Overcooked》,3,,,,7001,1,Icon01,UI_Icon_xintiaohuiyi.png,,EnterCookingDoubleDungeon,,,,16,,,,,,,,,,,,,,,,FunctionBG03,UI_functionOpen_Pic17.png,,1,,,,1
7003,公会升级,升级玩家所在的公会,3,,,,7003,1,Icon01,UI_Icon_xintiaohuiyi.png,,OpenGuildUpgradeEvent,,,,16,,,,,,,,,,,,,,,,,,,1,,,,1
7004,查看菜单,在公会宴会的时候查看公会成员们做的各道菜,3,,,,7004,0,Icon01,UI_Icon_xintiaohuiyi.png,,OnGuildCookMenu,,,,16,,,,,,,,,,,,,,,,,,,1,,,,1
7005,公会宴会介绍,公会宴会介绍,3,,,,7005,0,Icon01,UI_Icon_xintiaohuiyi.png,,OnGuildCookIntroduce,,,,16,,,,,,,,,,,,,,,,,,,1,,,,1
7006,缘分考验,一个公会玩法，让两个公会成员互相拥抱,3,,,,7006,0,Icon01,UI_Icon_xintiaohuiyi.png,,OnGuildCookCupidTask,,,,16,,,,,,,,,,,,,,,,,,,1,,,,1
7007,公会贩卖机,公会里面的商店,3,,,,7007,1,Icon01,UI_Icon_Shangdian.png,,PropertyShopEvent|113,,,,16,,,,,,,,,,,,,,,,,,,1,,,,1
7008,华丽水晶,Emperium，公会内部的一个大水晶,3,,,,7008,1,Icon01,UI_Icon_xintiaohuiyi.png,,OpenGuildCrystalEvent,,,,16,,,,,,,,,,,,,,,,,,,0,,,,1
7010,公会狩猎介绍,公会狩猎介绍,3,,,,7010,0,Icon02,UI_Icon_Gonghuishoulie.png,,ShowGuildHuntInfo,,,,16,,,,,,,,,,,,,,,,,,,1,,,,1
7011,开启香槟祝福,公会开香槟的对话选项,3,,,,7011,1,Icon01,UI_Icon_Gonghuiyanhui.png,,ShowOpenDinnerWishDialog,,,,16,,,,,,,,,,,,,,,,,,,1,,,,1
7012,宴会比赛,周末宴会比赛-宴会筹备,3,,,,7012,1,Icon01,UI_Icon_xintiaohuiyi.png,,EnterCookingDoubleDungeon,,,,16,,,,,,,,,,,,,,,,FunctionBG03,UI_functionOpen_Pic17.png,,1,,,,1
7013,宴会筹备说明,宴会筹备玩法说明,3,,,,7001,0,,,,OpenGameTips|22,,,,16,,,,,,,,,,,,,,,,,,,1,,,,1
7014,纪念原石,,,,,,7014,1,Icon01,UI_Icon_Gonghui.png,,,,,,40,,,,,,,,,,,,,,,,,,,1,,,,1
7015,皇室竞赛,皇室竞赛,,,,,7015,1,,,,,,,,16,,,,,,,,,,,,,,,,,,,1,,,,1
7020,联系会长,联系会长,,,,,7020,1,,,,,,,,16,,,,,,,,,,,,,,,,,,,1,,,,1
7021,公会说明,公会说明,,,,,7021,1,,,,,,,,16,,,,,,,,,,,,,,,,,,,1,,,,1
117,委托,（16级开启）,1,2,2,,117,0,Icon02,UI_Icon_Weituo.png,,DelegateEvent,,1,12,0,,1004110,,,,12,Function3_task_name,,3,12,wt_prefunction_title1,wt_prefunction_title2,FunctionPreview,UI_FunctionPreview_Text_11.png,UI_FunctionPreview_weituo_10,FunctionBG01,UI_functionOpen_Pic03.png,,1,,,,1
11701,委托兑换,,2,,,,117,0,Icon02,UI_Icon_Weituo.png,,,,,,16,,,,,,,,,,,,,,,,,,,1,,,,1
11702,犒赏,,,,,,117,1,,,,,,,,16,,,,,,,,,,,,,,,,,,,1,,,,1
16003,道具,多功能界面——道具分享,,,,,160,1,CommonIcon,UI_CommonIcon_Tab_Daoju_0{0}.png,,,,,,16,,,,,,,,,,,,,,,,,,,1,,,,1
16004,红包,多功能界面——红包,,,,,160,1,CommonIcon,UI_CommonIcon_Tab_Hongbao_0{0}.png,,,,,,16,,,,,,,,,,,,,,,,,,,1,,,,0
16005,角色成长,多功能界面——角色成长,,,,,160,1,CommonIcon,UI_Commonicon_Shuxing_0{0}.png,,,,,,16,,,,,,,,,,,,,,,,,,,1,,,,1
16006,成就,多功能界面——成就分享,,,,,160,1,CommonIcon,UI_Commonicon_Chengjiu_0{0}.png,,,,,,16,,,,,,,,,,,,,,,,,,,1,,,,0
16007,时尚度,多功能界面——典藏值分享,,,,,160,1,CommonIcon,UI_CommonIcon_Tab_Diancangzhi_0{0}.png,,,,,,16,,,,,,,,,,,,,,,,,,,1,,,,1
16008,魔法信笺,,,,,,160,1,CommonIcon,UI_CommonIcon_Tab_Hongbao_0{0}.png,,,,,,16,,,,,,,,,,,,,,,,,,,0,,,,0
5010,,原乐园团委托，现已废弃,2|3,,,109,5010,0,,,,EdenTaskEvent,,,,16,,,,,,,,,,,,,,,,FunctionBG01,UI_functionOpen_Pic03.png,,1,,,,1
10801,,原打造，现已废弃,2|3,,,,10801,0,Icon01,UI_Icon_Duanzao02.png,,EquipElevateEvent,,,,17,,,,,,,,,,,,,,,,,,,1,,,,1
109,活动,一个总的UI入口，里面包括了很多玩法，比如无尽之塔、角斗场、圣歌试炼等,1,2,1,0,109,0,Icon02,UI_Icon_Huodong.png,Icon_risk,RiskEvent,,,,20,,,,,,,,,,,,,,,,,,,1,,,,1
15009,狸猫商店,挂在一个狸猫NPC身上的商店，通过果子换特殊道具,3,,,,15009,1,Icon01,UI_Icon_Shangdian.png,,PropertyShopEvent|122,,,,20,,,,,,,,,,,,,,,,,,,1,,,,1
5050,圣歌试炼,一个快速的组队PVE玩法,2|3,,,117,117,1,Icon01,UI_Icon_Shengge.png,,HymnTrialOpenEvent,,,,20,,,,,,,,,,,,,,,,FunctionBG02,UI_functionOpen_Pic11.png,,1,,,,1
5051,,IDIP玩法禁入-圣歌试炼进入,3,,,,5051,0,,,,,,,,20,,,,,,,,,,,,,,,,,,,1,,,,1
5052,玩法说明,圣歌试炼玩法说明,3,,,,5052,0,,,,OpenGameTips|1,,,,20,,,,,,,,,,,,,,,,,,,1,,,,1
11201,登录奖励,玩家每天登陆游戏可以获取奖励,2,,,112,112,1,,,,SevenDayAwardEvent,,,,20,,,,,,,,,,,,,,,,,,,1,,,,1
11203,等级礼包,玩家到达特定等级获得礼包,2,,,112,112,1,,,,OpenLevelReward,,,,20,,,,,,,,,,,,,,,,,,,1,,,,1
11202,30次签到奖励,,2,,,112,112,1,,,,OpenSignInEvent,,,,20,,,,,,,,,,,,,,,,,,,1,,8,,1
11219,资料片活动等级礼包,资料片活动等级礼包,2,,,,180,1,,,,OpenLevelGift,,,,25,,,,,,,,,,,,,,,,,,,1,,,,1
112,奖励,一个大的奖励界面，包括内容有登陆奖励，签到奖励，等级礼包，问卷调查,1,1,3,,112,0,Icon01,UI_Icon_Jiangli.png,,OpenWelfareEvent,,,,11,,,,,,,,,,,,,,,,,,,1,,,,1
11405,魔物图鉴,,2,,,114,11405,0,HandbookIcon01,UI_HandbookIcon_Icon_02.png,,OpenIllustrationMonsterPanel,,,,20,,,,,,,,,,,,,,,,,,,1,,,,1
3080,魔物藏品商店,魔物图鉴奖励兑换商店,,,,,3080,1,Icon01,UI_Icon_Shangdian.png,,PropertyShopEvent|126,,,,20,,,,,,,,,,,,,,,,,,,1,,,,1
122,佣兵,,1,4,5,0,122,1,Icon02,UI_Icon_Yongbin.png,Icon_Guild,OpenMercenaryEvent,,1,15,20,,,,,,20,,,4,16,yb_prefunction_title1,yb_prefunction_title2,FunctionPreview,UI_FunctionPreview_Text_16.png,UI_FunctionPreview_yongbing_05,FunctionBG04,UI_functionOpen_Pic22.png,,1,,,,0
12201,佣兵天赋,,,,,,122,1,,,,,,,,20,,,,,,,,,,,,,,,,,,,1,,,,1
12202,佣兵升级,,,,,,122,1,,,,,,,,20,,,,,,,,,,,,,,,,,,,1,,,,1
12203,佣兵吃药,,,,,,122,1,,,,,,,,20,,,,,,,,,,,,,,,,,,,1,,,,1
12204,佣兵推荐,,,,,,122,1,,,,,,,,20,,,,,,,,,,,,,,,,,,,1,,,,1
10804,插卡拆卡,在装备上插上卡片和拆下卡片（23级开启）,2|3,,,,10804,1,IconMain,UI_Icon_Kapian.png,,OpenCardForgeEvent,,,,16,,12005250,,,,,,,,,,,,,,FunctionBG03,UI_functionOpen_Pic15.png,,1,,,,1
10805,卡片进阶,卡片的升星进阶,1,4,7,,10805,1,IconMain,UI_Icon_CardEvolution.png,,OpenCardEvolution,,1,,30,,,,,,,,,,,,,,,,,,,1,,,,1
10837,卡片融合,消耗3张低品质卡片合成1张同品质或更高品质卡片,2,,,,10837,1,,,,,,,,30,,,,,,,,,,,,,,,,,,,1,,,,1
118,卖场,,1,1,4,,118,1,Icon02,UI_Icon_Shangcheng.png,,OpenMall,,,,16,,,,,,,,,,,,,,,,,,,1,,,,0
11801,喵喵果实·热销,,,,,,118,1,Icon02,UI_Icon_Shangcheng.png,,OpenMall|101,,,,16,,,,,,,,,,,,,,,,,,,1,,,,0
11802,喵喵果实·礼包,,,,,,118,1,Icon02,UI_Icon_Shangcheng.png,,OpenMall|102,,,,16,,,,,,,,,,,,,,,,,,,1,,,,0
11808,喵喵果实·外观,,,,,,118,1,Icon02,UI_Icon_Shangcheng.png,,OpenMall|103,,,,16,,,,,,,,,,,,,,,,,,,1,,,,0
11803,万事屋·zeny,,,,,,118,1,Icon02,UI_Icon_Shangcheng.png,,OpenMall|201,,,,16,,,,,,,,,,,,,,,,,,,1,,,,0
11804,万事屋·铜币,,,,,,118,1,Icon02,UI_Icon_Shangcheng.png,,OpenMall|202,,,,16,,,,,,,,,,,,,,,,,,,1,,,,0
11805,神秘商店·每日限时,,,,,,118,1,Icon02,UI_Icon_Shangcheng.png,,OpenMall|301,,,,16,,,,,,,,,,,,,,,,,,,1,,,,0
11806,充值界面,,,,,,118,1,Icon02,UI_Icon_Shangcheng.png,,OpenMall|401,,,,11,,,,,,,,,,,,,,,,,,,0,,,,0
11807,积分返利,充值达到指定金额时发放奖励,,,,,11806,1,Icon_ItemConsumables02,UI_icon_item_miaochucunguan5.png,,OpenTotalRechargeAwardUI,,,,11,,,,,,,,,,,,,,,,,,,0,,,,0
11809,积分返利（限时）,,,,,,11806,1,Icon_ItemConsumables02,UI_icon_item_newmiaochucunguan_02.png,,OpenSeasonTotalRechargeAwardUI,,,,11,,,,,,,,,,,,,,,,,,,0,,,,0
11812,限时商店,,,,,,118,1,Icon02,UI_Icon_Shangcheng.png,,OpenMall|1001,,,,16,,,,,,,,,,,,,,,,,,,1,,,,0
10838,喵果返利,消耗达到指定金额时发放奖励,,,,,11806,1,Icon_ItemConsumables02,UI_icon_item_miaochucunguan5.png,,OpenTotalRechargeAwardUI,,,,11,,,,,,,,,,,,,,,,,,,1,,,,1
110,交易,主界面的大按钮，包含交易和摆摊两个分类。任何一种道具只能卖给摆摊或商会其中之一，无法两种渠道都上。,1,1,5,0,110,0,Icon01,UI_Icon_Jiaoyi.png,Icon_Trade,OpenTradePanel,,,,25,,,,,,,,,,,,,,,,,,,1,,,,0
100000,拍卖,主界面的大按钮，拍卖功能,1,2,5,0,100000,1,Icon01,UI_Icon_Jiaoyi.png,Icon_Trade,OpenAuctionPanel,,,,25,,,,,,,,,,,,,,,,,,,1,,,,0
11001,商会,交易分类下的一个页签，跟系统进行交易,2,,,110,110,1,Icon01,UI_Icon_Jiaoyi.png,,,,,,25,,,,,,,,,,,,,,,,,,,1,,,,0
11002,摆摊,交易分类下的一个页签，直接购买或贩卖道具给玩家，无法看到买家或卖家的名字。,2,,,110,110,1,Icon01,UI_Icon_Jiaoyi.png,,,,,,25,,,,,,,,,,,,,,,,,,,1,,,,0
11004,,禁止交易,3,,,110,110,0,,,,,,,,1,,,,,,,,,,,,,,,,,,,1,,,,1
11005,,追缴状态,3,,,110,110,0,,,,,,,,1,,,,,,,,,,,,,,,,,,,1,,,,1
11006,黑市,npc身上的功能，玩家以动态价格出售稀有道具,3,,,110,110,1,Icon01,UI_Icon_Jiaoyi.png,,OpenBlackShop,,,,35,,,,,,,,,,,,,,,,,,,1,,,,1
113,成就,就是一般游戏里的成就,1,4,1,,113,1,Icon01,UI_Icon_Chengjiu02.png,,OpenAchievementEvent,,,,25,,,,,,,,,,,,,,,,,,,1,,,,0
1130,成就屏蔽,如果该成就所属的功能关闭，则不在成就界面显示该成就,2,,,,113,1,,,,,,,,25,,,,,,,,,,,,,,,,,,,1,,,,1
13002,赠送,赠送道具给朋友,2,,,,130,1,,,,OpenGift,,,,25,,,,,,,,,,,,,,,,,,,1,,,,1
11406,卡片图鉴,,2,,,114,11406,1,HandbookIcon01,UI_HandbookIcon_Icon_04.png,,OpenIllustrationCardPanel,,,,25,,,,,,,,,,,,,,,,,,,1,,,,1
11403,波利观察手册,在世界各处寻找隐藏的小精灵，类似《塞尔达：荒野之息》里面的呀哈哈,2,,,114,114,1,HandbookIcon01,UI_HandbookIcon_Icon_05.png,,BoliIllustrationOpenEvent,,,,25,,,,,,,,,,,,,,,,,,,1,,,,1
11402,个性化图鉴,玩家的头像,2,,,114,114,1,HandbookIcon01,UI_HandbookIcon_Icon_06.png,,OpenPersonal,,,,25,,,,,,,,,,,,,,,,,,,1,,,,1
108,合成,用一些材料合成新的道具,1,3,4,0,108,1,Icon01,UI_Icon_Duanzao.png,Icon_Forge,ForgeEvent,,,,28,,,,,,,,,,,,,,,,,,,1,,,,1
5020,贤者的回忆,一个PvE副本系列（30级开启）-功能开关,2|3,,,109,5020,1,Icon01,UI_Icon_jiyisuipian.png,,ThemeDungeonEvent,,1,25,0,,12001280,,,,27,Function6_task_name,,6,25,xzdhy_prefunction_title1,xzdhy_prefunction_title2,FunctionPreview,UI_FunctionPreview_Text_07.png,UI_FunctionPreview_xianzhe_04,FunctionBG01,UI_functionOpen_Pic04.png,,1,,,,1
5021,,IDIP玩法禁入-贤者的回忆进入,3,,,,5021,0,,,,,,,,30,,,,,,,,,,,,,,,,,,,1,,,,1
5023,赫尔海姆扰动,,2|3,,,,5020,1,Icon01,UI_Icon_jiyisuipian.png,,ThemeDungeonEvent,,,42,45,,,,,45,,,,,,,,,,,,,,1,,,,1
5024,,IDIP玩法禁入-贤者的回忆进入（挑战）,3,,,,5024,0,,,,,,,,35,,,,,,,,,,,,,,,,,,,1,,,,1
5025,贤者的回忆（剧情副本）,一个PvE副本系列（30级开启）,2|3,,,109,5020,1,Icon01,UI_Icon_jiyisuipian.png,,ThemeDungeonEvent,,,,0,,12001280,,,,,,,,,,,,,,,,,1,,,,1
5060,恶魔宝藏,在南门、西门拯救小恶魔（靠近小恶魔进行采集），并有机会触发抽奖的玩法。,2|3,,,109,5060,1,Icon01,UI_Icon_Wabao.png,,DigTreasureEvent,,,,30,,,,,,,,,,,,,,,,FunctionBG03,UI_functionOpen_Pic18.png,,1,,,,1
5061,玩法说明,恶魔宝藏玩法说明,3,,,,5061,0,,,,OpenGameTips|15,,,,30,,,,,,,,,,,,,,,,,,,1,,,,1
5100,MVP,boss级别的怪物,2,,,109,5100,0,Icon01,UI_Icon_Mvp.png,,OpenMvpPanel,,,20,30,,,,,,,,,,20,,,,,,,,,1,,,,1
3070,协同商店,贵重品商人,2,,,,3070,1,Icon01,UI_Icon_Shangdian.png,,PropertyShopEvent|120,,,,20,,,,,,,,,,,,,,,,,,,1,,,,1
5140,极限挑战,一个高难度组队PVE玩法，挑战各种Boss魔物。,3,,,,5140,1,Icon01,UI_Icon_Yingxiongtiaozhan.png,,OnHeroChallengeClick,,,20,40,,,,,40,40,,,,25,,,,,,FunctionBG04,UI_functionOpen_Pic19.png,,1,,,,1
5141,玩法介绍,极限挑战玩法介绍,3,,,,5141,0,Icon01,UI_Icon_Yingxiongtiaozhan.png,,OnHeroIntroduceClick,,,,40,,,,,40,,,,,,,,,,,,,,1,,,,1
5142,挑战记录,极限挑战排行榜,3,,,,5142,1,Icon01,UI_Icon_Yingxiongtiaozhan.png,,ActiveNewRank|100,,,,40,,,,,40,,,,,,,,,,,,,,1,,,,1
150,观战,观战,1,2,4,,150,1,Icon02,UI_Icon_Guanzhan02.png,,OpenWatchWarUI,,,,30,,,,,,,,,,,,,,,,,,,1,,,,1
6000,生活职业,生活职业，采摘、钓鱼、烹饪之类的,1,4,4,,6000,1,Icon01,UI_Icon_Shenghuo.png,,LifeSkillEvent,,,,41,,,,,,,,,,,,,,,,,,,1,,,,1
6010,采摘,（41级开启）,2,,,6000,6000,1,Icon01,UI_Icon_caizhai.png,,GardenSkillEvent,,,,0,,6000800,,,,,,,,,,,,,,,,,1,,,,1
6020,挖矿,（41级开启）,2,,,6000,6000,1,Icon01,UI_Icon_Caikuang.png,,MiningSkillEvent,,,,0,,6000800,,,,,,,,,,,,,,,,,0,,,,0
6030,钓鱼,（41级开启）,2,,,6000,6000,1,Icon01,UI_Icon_Diaoyu.png,,,,,,0,,6000800,,,,,,,,,,,,,,,,,1,,,,1
6040,烹饪,（41级开启）,2,,,6000,6000,1,Icon01,UI_Icon_Pengren.png,,FoodSkillEvent,,,,0,,6000800,,,,,,,,,,,,,,,,,1,,,,1
6050,制药,日式游戏中的炼金，放入材料生成道具（32级开启）,2,,,6000,6000,1,Icon01,UI_Icon_Zhiyao.png,,MedicineSkillEvent,,,,0,,6000800,,,,,,,,,,,,,,,,,1,,,,1
5070,迷雾之森,组队的roguelike玩法,2|3,,,117,117,1,Icon01,UI_Icon_Migongfuben.png,,EnterMazeDungeon,,,,30,,,,,,,,,,,,,,,,FunctionBG04,UI_functionOpen_Pic23.png,,1,,,,1
5071,,迷雾之森进入,3,,,,5071,1,,,,,,,,30,,,,,,,,,,,,,,,,,,,1,,,,1
5072,导航轮盘,迷雾之森转盘,3,,,,5072,0,,,,OpenMazeDungeonWheel,,,,30,,,,,,,,,,,,,,,,,,,1,,,,1
10802,精炼,给装备加基础属性，比如ATK+100,2|3,,,,10802,1,Icon02,UI_Icon_Zhuangbeijinglian.png,,RefineEvent,,1,30,35,,,,,,35,,,7,30,zbjl_prefunction_title1,zbjl_prefunction_title2,FunctionPreview,UI_FunctionPreview_Text_06.png,UI_FunctionPreview_jinglian_08,FunctionBG03,UI_functionOpen_Pic13.png,,1,,,,1
10815,配饰精炼,配饰精炼,3,,,,10815,1,Icon02,UI_Icon_Zhuangbeijinglian.png,,RefineOrnamentEvent,,0,0,85,,6002510,,,,,,,,,,,,,,,,,1,,,,1
10811,精炼转移,将一件装备上的精炼值转到另一件装备上,2|3,,,108,10811,1,Icon01,UI_Icon_Fumo.png,,RefineTransfer,,,,35,,,,,,,,,,,,,,,,FunctionBG02,UI_functionOpen_Pic12.png,,1,,,,1
10812,精炼解封,获得精炼转移的装备，有一定的等级被封印住了，需要消耗其他资源来解封。比如装备A是精炼+15，转移到装备B后只有精炼+13，还有2级需要解封。,2|3,,,108,10812,1,Icon01,UI_Icon_Fumo.png,,RefineUnseal,,,,35,,,,,,,,,,,,,,,,FunctionBG02,UI_functionOpen_Pic12.png,,1,,,,1
10818,精炼助手,将精炼属性转移到新装备上,3,,,,10818,1,Icon01,UI_Icon_Fumo.png,,OpenRefineAssist,,,,35,,,,,,,,,,,,,,,,FunctionBG02,UI_functionOpen_Pic12.png,,1,,,,1
9005,职业二转,（40级开启）,3,,,,9005,0,Icon01,UI_Icon_Jineng.png,,,,,35,0,,3000080|3001040|3002080|3003070|3005060|3004060|3007050|3008050|3012070,,,,40,Function7_task_name,,8,35,zyez_prefunction_title1,zyez_prefunction_title2,FunctionPreview,UI_FunctionPreview_Text_03.png,UI_FunctionPreview_erjie_02,FunctionBG01,UI_functionOpen_Pic01.png,,1,,,,1
5150,角斗场,自定义PVP玩法，玩家创建房间后其他玩家可以加入，然后两边队伍进行PK战斗。,2,,,109,5150,1,Icon01,UI_Icon_Jingjichang.png,,,,,,40,,,,,,,,,,,,,,,,,,,1,,,,1
3093,头饰抽取,在魔力头饰机抽取头饰。,3,,,,3093,1,Icon01,UI_Icon_Molitoushiji.png,,ExtractHeadWearEvent,,,,40,,,,,,,,,,,,,,,,,,,1,,,,1
3098,装备抽取,在魔力装备机抽取装备。,3,,,,3098,1,Icon01,UI_Icon_Molikapianji.png,,ExtractEquipEvent,,,,40,,,,,,,,,,,,,,,,,,,1,,,,1
3099,装备属性转换,一键装备属性转换,2,,,,3099,1,,,,,,,,40,,,,,,,,,,,,,,,,,,,1,,,,1
3092,头饰分解,,3,,,,3092,1,Icon01,UI_Icon_Molitoushiji.png,,RecoveHeadWearEvent,,,,40,,,,,,,,,,,,,,,,,,,1,,,,1
3097,装备分解,,3,,,,3097,1,Icon01,UI_Icon_Molikapianji.png,,RecoveEquipEvent,,,,40,,,,,,,,,,,,,,,,,,,1,,,,1
15010,时尚评分,一个玩法。玩家找一个时尚杂志主编NPC，让他给自己的外型评个分，分数高的可以上杂志并获取奖励,,,,,15010,1,,,,,,,20,40,,,,,,,,,,,,,,,,,,,1,,,,1
15013,查看宣传海报,查看宣传海报按钮，显示时尚街拍宣传海报,3,,,,15010,0,,,,FashionOut,,,,40,,,,,,,,,,,,,,,,,,,1,,,,1
15012,往期《卢恩视觉》,查看往期《卢恩视觉》,3,,,,15010,1,,,,FashionMagazine,,,,40,,,,,,,,,,,,,,,,,,,1,,,,1
15003,勇气商店,擂台和战场会获取“勇气徽章”，可以在勇气商店购买道具,2,,,,15003,1,Icon01,UI_Icon_Leitai.png,,PropertyShopEvent|112,,,,40,,,,,,,,,,,,,,,,,,,1,,,,1
5110,魔物驱逐,就是野外挂机，玩家开自动战斗刷怪，击杀跟自己等级差不多的魔物，获得经验值和掉落物。（18级开启）,2,,,109,5110,1,Icon01,UI_Icon_Guaji.png,,,,1,35,40,,,,,,40,,,9,35,mwqz_prefunction_title1,mwqz_prefunction_title2,FunctionPreview,UI_FunctionPreview_Text_10.png,UI_FunctionPreview_mowuquzu_09,FunctionBG01,UI_functionOpen_Pic05.png,,1,,,,1
5160,天地树守卫战,单人塔防,2|3,,,109,5160,1,Icon02,UI_Icon_Tiandishushouwei.png,,OpenTowerDefense,,1,40,42,,,,,40,42,,,10,40,tdsswz_prefunction_title1,tdsswz_prefunction_title2,FunctionPreview,UI_FunctionPreview_Text_14.png,UI_FunctionPreview_tiandishu_014,FunctionBG03,UI_functionOpen_Pic16.png,,1,,,,1
5161,天地树守卫战,双人塔防,3,,,,5160,1,Icon02,UI_Icon_Tiandishushouwei.png,,OpenTowerDefense,,,20,42,,,,,55,42,,,,,,,,,,FunctionBG01,UI_functionOpen_Pic01.png,,1,,,,1
5162,单人守卫荣耀榜,单人塔防排行榜,3,,,,5160,1,,,,ActiveNewRank|200,,,,42,,,,,,,,,,,,,,,,,,,1,,,,1
5163,双人守卫荣耀榜,双人塔防排行榜,3,,,,5160,1,,,,ActiveNewRank|210,,,,42,,,,,,,,,,,,,,,,,,,1,,,,1
5164,玩法介绍,详细介绍塔防玩法,3,,,,5160,1,Icon01,UI_Icon_Jingjichang.png,,ShowTowerDefenseEntranceInfo,,,,42,,,,,,,,,,,,,,,,,,,1,,,,1
5170,心之道场,单人PVE心之道场,2|3,,,109,5170,1,Icon02,UI_Icon_Huodong.png,,StartHearDojoEvent,,,40,42,,,,,40,42,,,10,40,xzdc_prefunction_title1,xzdc_prefunction_title2,FunctionPreview,UI_FunctionPreview_Text_14.png,UI_FunctionPreview_xinzhidaoc_10,,,,1,,,,1
5171,玩法介绍,单人PVE玩法介绍,3,,,,5170,1,,,,HeartDojoIntroduction|30,,,,42,,,,,,,,,,,,,,,,,,,1,,,,1
5172,排行榜,单人PVE排行榜,3,,,,5170,1,,,,HeartDojoLeaderboard,,,,42,,,,,,,,,,,,,,,,,,,1,,,,1
5173,更换祝福,单人PVE更换祝福,3,,,,5170,1,,,,HeartDojoChangeBuff,,,,42,,,,,,,,,,,,,,,,,,,1,,,,1
5174,进入下层,单人PVE进入下层,3,,,,5170,1,,,,HeartDojoEnterNextFloor,,,,42,,,,,,,,,,,,,,,,,,,1,,,,1
5175,道馆商店,道馆商店,3,,,,5170,1,Icon01,UI_Icon_Shangdian.png,,PropertyShopEvent|174,,,,42,,,,,,,,,,,,,,,,,,,1,,,,1
115,战功,消耗zeny，提升纹章等级，获得额外的角色数值。,1,4,2,,115,1,Icon01,UI_Icon_Xunzhang.png,,OpenMedal,,1,42,45,,,,,,45,,,11,42,xz_prefunction_title1,xz_prefunction_title2,FunctionPreview,UI_FunctionPreview_Text_05.png,UI_FunctionPreview_xunzhang_013,FunctionBG03,UI_functionOpen_Pic16.png,,1,,,,1
100001,头衔,头衔,5,,,,100001,1,,,,,,,,10,,,,,,,,,,,,,,,,,,,1,,,,1
5131,猫手商队,给猫手商队提供它们需要的素材，换取声望值,3,,,117,117,1,Icon01,UI_Icon_Maoshoushanghui.png,,OpenCatCaravan,,,,45,,,,,,,,,,,,,,,,FunctionBG03,UI_functionOpen_Pic16.png,,1,,,,1
5132,玩法说明,猫手商队玩法说明,3,,,,5132,0,,,,OpenGameTips|16,,,,45,,,,,,,,,,,,,,,,,,,1,,,,1
5022,赫尔海姆挑战,挑战模式玩法开启功能预告,,,,109,5022,0,Icon01,UI_Icon_jiyisuipian.png,,ThemeDungeonEvent,,,,45,,,,,45,45,,,12,42,hehmtz_prefunction_title1,hehmtz_prefunction_title2,FunctionPreview,UI_FunctionPreview_Text_07.png,UI_FunctionPreview_xianzhe_04,FunctionBG01,UI_functionOpen_Pic04.png,,1,,,,1
5130,时空调查团,多人的PVE玩法，触发的时间和地点随机，有一定的剧情。（原世界奇闻）,2,,,109,5130,1,Icon01,UI_Icon_Suijishijian.png,,OpenWorldEvent,,,48,50,,,,,60,50,,,,,,,,,,FunctionBG03,UI_functionOpen_Pic14.png,,1,,,,1
5135,玩法说明,详细介绍奇闻玩法说明,3,,,,5135,0,Icon01,UI_Icon_Suijishijian.png,,ShowWorldPveIntroduce,,,,50,,,,,60,50,,,,,,,,,,FunctionBG03,UI_functionOpen_Pic14.png,,1,,,,1
15001,战场,,3,,,,15001,1,Icon01,UI_Icon_Zhanchang.png,,JoinBattle,,,20,45,,,,,,,,,,,,,,,,FunctionBG04,UI_functionOpen_Pic20.png,,1,,,,1
15002,擂台,,3,,,,15002,1,Icon01,UI_Icon_Leitai.png,,JoinArena,,,20,40,,,,,,,,,,40,,,,,,FunctionBG04,UI_functionOpen_Pic21.png,,1,,,,1
15004,玩法介绍,详细介绍擂台玩法,3,,,,15002,0,Icon01,UI_Icon_Leitai.png,,ShowArenaPlayMethod,,,,40,,,,,,,,,,,,,,,,,,,1,,,,1
15005,玩法介绍,详细介绍战场玩法,3,,,,15001,0,Icon01,UI_Icon_Zhanchang.png,,OnBattleIntroduce,,,20,45,,,,,,,,,,,,,,,,,,,1,,,,1
15006,,战场商店(未使用),3,,,,15006,0,Icon01,UI_Icon_Zhanchang.png,,PropertyShopEvent|119,,,,45,,,,,,,,,,,,,,,,,,,1,,,,1
15007,,IDIP玩法禁入-战场进入,3,,,,15001,0,,,,,,,,45,,,,,,,,,,,,,,,,,,,1,,,,1
15008,,IDIP玩法禁入-擂台进入,3,,,,15002,0,,,,,,,,40,,,,,,,,,,,,,,,,,,,1,,,,1
15011,擂台历程,擂台排行榜,3,,,,15002,1,,,,ActiveNewRank|400,,,,40,,,,,,,,,,,,,,,,,,,1,,,,1
15100,玩法介绍,公会匹配赛-玩法介绍,3,,,,15101,0,Icon01,UI_Icon_Zhanchang.png,,ShowGuildMatchInfo,,,20,50,,,,,,,,,,,,,,,,,,,1,,,,1
15101,申请出战,公会匹配赛-参战报名。以这个为总功能ID,3,,,,15101,1,Icon01,UI_Icon_Zhanchang.png,,GuildMatchApply,,,20,50,,,,,,,,,,,,,,,,,,,1,,,,1
15102,拉拉队报名,公会匹配赛-拉拉队报名,3,,,,15101,1,Icon01,UI_Icon_Zhanchang.png,,GuildMatchCheerApply,,,20,50,,,,,,,,,,,,,,,,,,,1,,,,1
15103,队伍管理,公会匹配赛-队伍管理,3,,,,15101,1,Icon01,UI_Icon_Zhanchang.png,,GuildMatchTeamMgr,CheckGuildMatchMgr,,20,50,,,,,,,,,,,,,,,,,,,1,,,,1
15104,进入等候区,公会匹配赛-进入等候区,3,,,,15101,1,Icon01,UI_Icon_Zhanchang.png,,GuildMatchEnter,,,20,50,,,,,,,,,,,,,,,,,,,1,,,,1
15201,攻城战,GVG总开关,4,,,,15201,1,Icon01,UI_Icon_Zhanchang.png,,GvgDetailPage,,,,60,,,,,60,,,,,,,,,,,,,,1,,,,1
15202,GVG普隆德拉地区城池总开关,GVG普隆德拉地区城池总开关,,,,,15201,1,,,,,,,,60,,,,,60,,,,,,,,,,,,,,1,,,,1
15203,GVG吉芬地区城池总开关,GVG吉芬地区城池总开关,,,,,15201,1,,,,,,,,60,,,,,60,,,,,,,,,,,,,,1,,,,1
15204,GVG斐扬地区城池总开关,GVG斐扬地区城池总开关,,,,,15201,1,,,,,,,,60,,,,,60,,,,,,,,,,,,,,1,,,,1
15205,GVG艾尔帕蓝地区城池总开关,GVG艾尔帕蓝地区城池总开关,,,,,15201,1,,,,,,,,60,,,,,60,,,,,,,,,,,,,,1,,,,1
15206,GVG物资开关,GVG物资开关,,,,,15201,1,,,,,,,,60,,,,,60,,,,,,,,,,,,,,1,,,,1
15207,GVG备战任务开关,GVG备战任务开关,3,,,,15201,1,,,,GotoGvgPrepareTaskNpc,,,,60,,,,,60,,,,,,,,,,,,,,1,,,,1
15208,GVG公会圣火开关,GVG公会圣火开关,,,,,15201,1,,,,,,,,60,,,,,60,,,,,,,,,,,,,,1,,,,1
15209,进入城主房间,GVG城主房间宝箱,3,,,,15201,1,,,,TryEnterMasterRoom,GuildHasCastle,,,60,,,,,60,,,,,,,,,,,,,,1,,,,1
15210,公会地城,GVG公会地城,3,,,,15201,1,,,,OpenGuildCastleDungeon,GuildHasOwnCastle,,,60,,,,,60,,,,,,,,,,,,,,1,,,,1
15211,GVG战时个人任务开关,GVG战时个人任务开关,,,,,15201,1,,,,,,,,60,,,,,60,,,,,,,,,,,,,,1,,,,1
15212,GVG攻城攻略（未接入）,GVG攻城攻略（未接入）,,,,,15201,1,,,,,,,,60,,,,,60,,,,,,,,,,,,,,1,,,,1
15220,普隆德拉城堡1,普隆德拉城池1,3,,,,15202,1,,,,,,,,60,,,,,60,,,,,,,,,,,,,,1,,,,1
15221,普隆德拉城堡2,普隆德拉城池2,3,,,,15202,1,,,,,,,,60,,,,,60,,,,,,,,,,,,,,1,,,,1
15222,普隆德拉城堡3,普隆德拉城池3,3,,,,15202,1,,,,,,,,60,,,,,60,,,,,,,,,,,,,,1,,,,1
15223,普隆德拉城堡4,普隆德拉城池4,3,,,,15202,1,,,,,,,,60,,,,,60,,,,,,,,,,,,,,1,,,,1
15224,,普隆德拉城池5（未配置）,,,,,15202,1,,,,,,,,60,,,,,60,,,,,,,,,,,,,,1,,,,1
15225,吉芬城堡1,吉芬城池1,3,,,,15203,1,,,,,,,,60,,,,,60,,,,,,,,,,,,,,1,,,,1
15226,吉芬城堡2,吉芬城池2,3,,,,15203,1,,,,,,,,60,,,,,60,,,,,,,,,,,,,,1,,,,1
15227,吉芬城堡3,吉芬城池3,3,,,,15203,1,,,,,,,,60,,,,,60,,,,,,,,,,,,,,1,,,,1
15228,吉芬城堡4,吉芬城池4,3,,,,15203,1,,,,,,,,60,,,,,60,,,,,,,,,,,,,,1,,,,1
15229,,吉芬城池5（未配置）,,,,,15203,1,,,,,,,,60,,,,,60,,,,,,,,,,,,,,1,,,,1
15230,斐扬城堡1,斐扬城池1,3,,,,15204,1,,,,,,,,60,,,,,60,,,,,,,,,,,,,,1,,,,1
15231,斐扬城堡2,斐扬城池2,3,,,,15204,1,,,,,,,,60,,,,,60,,,,,,,,,,,,,,1,,,,1
15232,斐扬城堡3,斐扬城池3,3,,,,15204,1,,,,,,,,60,,,,,60,,,,,,,,,,,,,,1,,,,1
15233,斐扬城堡4,斐扬城池4,3,,,,15204,1,,,,,,,,60,,,,,60,,,,,,,,,,,,,,1,,,,1
15234,,斐扬城池5（未配置）,,,,,15204,1,,,,,,,,60,,,,,60,,,,,,,,,,,,,,1,,,,1
15235,传回公会,从城主房间或公会地城回到公会,3,,,,15201,1,,,,GotoGuildScene,,,,60,,,,,60,,,,,,,,,,,,,,1,,,,1
15236,攻城战介绍,GVG玩法说明,3,,,,15201,1,,,,OpenGvgInfo,,,,60,,,,,60,,,,,,,,,,,,,,1,,,,1
15237,攻城战排行榜,GVG排行榜,3,,,,15201,1,,,,ActiveNewRank|3000,,,,60,,,,,60,,,,,,,,,,,,,,1,,,,1
15238,攻城战结盟,GVG结盟,,,,,15201,1,,,,,,,,60,,,,,60,,,,,,,,,,,,,,1,,,,1
145,双天赋,技能双天赋,5,,,,145,1,Icon01,UI_Icon_Jineng.png,,,,,,45,,,,,,,,,,,,,,,,,,,1,,,,1
146,,加点双天赋,5,,,,146,1,,,,,,,,45,,,,,,,,,,,,,,,,,,,1,,,,1
7009,公会狩猎,,3,,,,7009,1,Icon02,UI_Icon_Gonghuishoulie.png,,OpenGuildHuntInfoEvent,,,45,50,,,,,50,50,,,,45,,,,,,,,,1,,,,1
5030,无尽之塔,,2|3,,,109,5030,1,Icon01,UI_Icon_Wuxianta.png,,InfiniteTowerEvent,,1,45,55,,,,,,55,,,13,45,wjzt_prefunction_title1,wjzt_prefunction_title2,FunctionPreview,UI_FunctionPreview_Text_04.png,UI_FunctionPreview_wujinzhita_03,FunctionBG01,UI_functionOpen_Pic06.png,,1,,,,1
5031,无尽之塔,进入无尽之塔,3,,,,5031,0,Icon01,UI_Icon_Wuxianta.png,,GotoTowerEntrance,,,45,55,,,,,,,,,,45,,,,,,FunctionBG01,UI_functionOpen_Pic06.png,,1,,,,1
5032,离开迷雾岛,无尽之塔入口在迷雾岛上。离开迷雾岛可以回到伊斯鲁得。,3,,,,5032,0,,,,LeaveTowerEntrance,,,,50,,,,,,,,,,,,,,,,,,,1,,,,1
5033,玩法介绍,无尽之塔的玩法介绍,3,,,,5033,0,,,,InfiniteTowerInfoEvent,,,,50,,,,,,,,,,,,,,,,,,,1,,,,1
5034,首通奖励,无尽之塔首通奖励,,,,,5034,1,,,,,,,,50,,,,,,,,,,,,,,,,,,,1,,,,1
5035,跳层机制,无尽之塔跳层开启,,,,,5035,1,,,,,,,,50,,,,,,50,,,,,,,,,,,,,1,,,,1
10803,附魔,给装备加不同的词条，比如HP+10%,2|3,,,,10803,1,Icon01,UI_Icon_Fumo.png,,OpenEnchantEvent,,1,55,75,,,,,,75,,,16,55,zbfm_prefunction_title1,zbfm_prefunction_title2,FunctionPreview,UI_FunctionPreview_Text_02.png,UI_FunctionPreview_fumo_11,FunctionBG02,UI_functionOpen_Pic12.png,,1,,,,1
10810,附魔提炼,和精炼不同，附魔在换装备的时候是没法转移到新装备上的，只能通过附魔提炼来以一定比例返还附魔消耗的资源，同时当前装备上的附魔消失,2|3,,,108,10810,1,Icon01,UI_Icon_Fumo.png,,OpenEnchantmentExtractEvent,,,,75,,,,,,,,,,,,,,,,FunctionBG02,UI_functionOpen_Pic12.png,,1,,,,1
10817,附魔继承,将封魔石上的属性转移到新装备上,2|3,,,108,10817,1,Icon01,UI_Icon_Fumo.png,,,,,,75,,,,,,,,,,,,,,,,FunctionBG02,UI_functionOpen_Pic12.png,,1,,,,1
10819,附魔助手,将附魔属性转移到新装备上,3,,,,10819,1,Icon01,UI_Icon_Fumo.png,,OpenEnchantAssist,,,,75,,,,,,,,,,,,,,,,FunctionBG02,UI_functionOpen_Pic12.png,,1,,,,1
10820,装备改造,改造装备的基础属性和流派属性,3,,,,10820,1,Icon01,UI_Icon_Yelian_Wuqi.png,,OnEquipReform,,,,90,,,,,,,,,,,,,,,,FunctionBG02,UI_functionOpen_Pic12.png,,1,,,,1
10821,贝鲁兹核心,贝鲁兹核心,4,3,,,10821,1,IconMain,UI_Icon_Beiluz.png,,OpenBeiluzEvent,,1,50,55,,,,,,55,,,14,50,blz_prefunction_title1,blz_prefunction_title2,,,UI_FunctionPreview_beiluzi_015,,,,1,,,,1
10822,齿轮合成,齿轮合成,2,,,,10821,1,,,,,,,,55,,,,,,55,,,,,,,,,,,,,1,,,,1
10823,齿轮重置,齿轮重置,2,,,,10821,1,,,,,,,,55,,,,,,55,,,,,,,,,,,,,1,,,,1
10824,齿轮保养,齿轮保养,2,,,,10821,1,,,,,,,,55,,,,,,55,,,,,,,,,,,,,1,,,,1
10825,核心负重,核心负重,2,,,,10821,1,,,,,,,,55,,,,,,55,,,,,,,,,,,,,1,,,,1
10826,代金券,代金券,2,,,,10826,1,,,,,,,,75,,,,,,75,,,,,,,,,,,,,1,,,,1
10827,附魔锁定词条,词条锁定,2,,,,10803,1,,,,,,,,75,,,,,,75,,,,,,,,,,,,,1,,,,1
10828,改造清除,清除改造属性,3,,,,10820,1,,,,OpenReformCleanUpPanel,,,,90,,,,,,90,,,,,,,,,,,,,1,,,,1
10829,精炼保底机制,更高级的精炼方式,2|3,,,,10802,1,,,,,,,,35,,,,,,35,,,,,,,,,,,,,1,,,,1
10830,精炼套装,更高级的精炼方式,2|3,,,,10802,1,,,,,,,,35,,6002610,,,,35,,,,,,,,,,,,,1,,,,1
10831,精炼上限前置任务开关,,,,,,10802,1,,,,,,,,90,,6002730,,,,90,,,,,,,,,,,,,1,,,,1
10832,进阶精炼,更高级的精炼方式,2|3,,,,10802,1,,,,,,,,35,,,,,,35,,,,,,,,,,,,,1,,,,1
10833,器灵之心商店,器灵之心商店,3,,,,10802,1,Icon01,UI_Icon_Shangdian.png,,PropertyShopEvent|146,,,,90,,,,,,90,,,,,,,,,,,,,1,,,,1
10834,光武特效,光武特效,4,,,,10830,1,,,,,,,,35,,,,,,35,,,,,,,,,,,,,1,,,,1
10835,齿轮拆解,齿轮拆解,2,,,,10821,1,Icon_ItemMaterial05,UI_icon_item_beiluzhexin.png,,BeiluzRecycle,,,,55,,,,,,55,,,,,,,,,,,,,1,,,,1
10836,异化金属商店,异化金属商店,3,,,,10821,1,Icon01,UI_Icon_Shangdian.png,,PropertyShopEvent|160,,,,55,,,,,,55,,,,,,,,,,,,,1,,,,1
9006,载具,载具,1,4,3,,9006,1,Icon02,UI_Icon_Zaiju.png,,OpenVehicleEvent,,1,60,65,,,,,,65,,,15,60,zj_prefunction_title1,zj_prefunction_title2,FunctionPreview,UI_FunctionPreview_Text_01.png,UI_FunctionPreview_zaiju_06,FunctionBG02,UI_functionOpen_Pic08.png,,1,,,,1
90007,载具特色等级,载具特色等级,,,,,9006,1,,,,,,,,65,,,,,,65,,,,,,,,,,,,,1,,,,1
1081,载具兑换,用一些道具来换特色载具,3,,,,1081,1,Icon01,UI_Icon_Zhuangban02.png,,OpenVehicleBarterEvent,,,,65,,,,,,,,,,,,,,,,,,,1,,,,1
147,双装备,装备双天赋,5,,,,147,1,Icon01,UI_Icon_Yelian_Wuqi.png,,,,,,60,,,,,,,,,,,,,,,,,,,1,,,,1
9009,载具性格,载具性格,2,,,,9009,1,Icon_Vehicles01,UI_icon_item_qiqiushu.png,,OpenVehicleEvent,,,,65,,,,,,,,,,,,,,,,,,,1,,,,1
9011,载具护符,载具护符,,,,,9011,1,,,,,,,,65,,,,,,,,,,,,,,,,,,,1,,,,1
9010,载具技能,载具技能,,,,,9010,1,,,,,,,,65,,,,,,,,,,,,,,,,,,,1,,,,1
161,进阶二转,用于功能预告（实际开启不通过表控制）,,,,,161,0,Icon01,UI_Icon_Jineng.png,,,,,60,0,,3006041|3006042|3006043|3006044|3006045|3006046|3006047|3006048|3006049|3006101|3006102,,,,70,Function8_task_name,,16,80,jjez_prefunction_title1,jjez_prefunction_title2,FunctionPreview,UI_FunctionPreview_Text_03.png,UI_FunctionPreview_erjie_02,FunctionBG01,UI_functionOpen_Pic01.png,,1,,,,1
103,,,3,,,,103,0,Icon01,UI_Icon_Maoxian.png,Icon_Activity,ActivityEvent,,,,25,,,,,,,,,,,,,,,,,,,1,,,,1
9003,,飞行载具,3,,,,9003,0,Icon_Vehicles01,UI_icon_item_qiqiushu.png,,,,,,28,,,,,,,,,,,,,,,,FunctionBG02,UI_functionOpen_Pic08.png,,1,,,,1
6070,武器冶炼,当前没有入口,2,,,6000,6000,1,Icon01,UI_Icon_Yelian_Wuqi.png,,SmeltWepSkillEvent,,,,0,,6000800,,,,,,,,,,,,,,,,,0,,,,0
6080,防具冶炼,当前没有入口,2,,,6000,6000,1,Icon01,UI_Icon_Yelian_Fangju.png,,SmeltArmorSkillEvent,,,,0,,6000800,,,,,,,,,,,,,,,,,0,,,,0
6090,饰品冶炼,当前没有入口,2,,,6000,6000,1,Icon01,UI_Icon_Yelian_Shipin.png,,SmeltAccsSkillEvent,,,,0,,6000800,,,,,,,,,,,,,,,,,0,,,,0
1070,技能翻页,主UI右下角的技能按钮区域可以通过点击“翻页”按钮来翻到另一页显示其他的技能按钮。,,,,,1070,0,,,,,,,,30,,,,,,,,,,,,,,,,,,,1,,,,1
10806,合成,,2,,,108,10806,1,Icon01,UI_Icon_Duanzao02.png,,,,,,28,,,,,,,,,,,,,,,,,,,1,,,,1
5040,,爱神之约,2|3,,,109,5040,0,Icon01,UI_Icon_xintiaohuiyi.png,,,,,,33,,,,,,,,,,,,,,,,FunctionBG01,UI_functionOpen_Pic05.png,,1,,,,1
5151,,IDIP玩法禁入-角斗场进入,3,,,,5151,0,,,,,,,,35,,,,,,,,,,,,,,,,,,,1,,,,1
9002,,双人载具,3,,,,9002,0,Icon_Vehicles01,UI_icon_item_reqiqiu.png,,,,,,38,,,,,,,,,,,,,,,,FunctionBG02,UI_functionOpen_Pic09.png,,1,,,,1
9004,,变身载具,3,,,,9004,0,Icon_Vehicles01,UI_icon_item_Baobaoxiong.png,,,,,,40,,,,,,,,,,,,,,,,FunctionBG02,UI_functionOpen_Pic10.png,,1,,,,1
140,乘骑,上载具的按钮,,,,,140,1,Main,UI_Icon_Zuoqi.png,,,,,,40,,,,,,,,,,,,,,,,,,,1,,,,1
5076,玩法说明,迷雾之森玩法说明,3,,,,5076,0,,,,OpenGameTips|2,,,,35,,,,,,,,,,,,,,,,,,,1,,,,1
998,问卷调查,,2,,,112,112,1,,,,OpenQuestionnaireMethod,,,,52,,,,,,,,,,,,,,,,,,,1,,,,1
10814,高级附魔,更高一级的进阶版的附魔,3,,,,10814,1,Icon01,UI_Icon_Fumo.png,,OpenEnchantAdvancedEvent,,,,75,,,,,,,,,,,,,,,,,,,1,,,,1
10813,套装,装备套装,2,,,114,10813,1,Icon01,UI_Icon_Fumo.png,,,,,,50,,,,,,,,,,,,,,,,FunctionBG02,UI_functionOpen_Pic12.png,,1,,,,1
6060,甜品,烹饪出来的甜品,2,,,6000,6000,1,Icon01,UI_Icon_Tianpin.png,,DessertSkillEvent,,,,99,,,,,,,,,,,,,,,,,,,0,,,,0
3051,,卡片回收，卡片出售功能,3,,,,3051,1,,,,ShopSellEvent|111,,,,200,,,,,,,,,,,,,,,,,,,1,,,,1
999,商店,,3,,,,999,1,Icon01,UI_Icon_Shangdian.png,Icon_Shop,PropertyShopEvent|110,,,,999,,,,,,,,,,,,,,,,,,,1,,,,0
1010,出售,出售按钮,3,,,,1010,0,,,,ShopSellEvent,,,,,,,,,,,,,,,,,,,,,,,1,,,,0
1020,取消,取消按钮,3,,,,1020,0,,,,CancelEvent,,,,,,,,,,,,,,,,,,,,,,,1,,,,0
1030,世界地图传送,卡普拉身上的一个按钮，点击之后会打开世界地图，然后玩家可以选择传送到哪个地方,3,,,,1030,0,,,,OpenWorldMapEvent,,,,,,,,,,,,,,,,,,,,,,,1,,,,1
1031,卡普拉传送,,,,,,1031,1,,,,,,,,,,,,,,,,,,,,,,,,,,,1,,,,1
1040,美发,在美容师NPC那里有两个选项：美发和美瞳，选美发可以换发型和发色,3,,,,1040,1,,,,BarberShopEvent,,,,,,,,,,,,,,,,,,,,,,,1,,,,1
1050,美瞳,在美容师NPC那里有两个选项：美发和美瞳，选美瞳可以换眼镜形状和瞳孔颜色,3,,,,1050,1,,,,BeautyShopEvent,,,,,,,,,,,,,,,,,,,,,,,1,,,,1
1060,职业展示,转职预览动画,3,,,,1060,0,,,,JobPreviewEvent,,,,,,,,,,,,,,,,,,,,,,,1,,,,1
2010,观看流星雨,爱神玩法，两个人一起观看一场流星雨,3,,,,2010,0,,,,EnterDungeonEvent|106,,,,,,,,,,,,,,,,,,,,,,,1,,,,1
3010,道具商店,道具商店1,3,,,,3010,1,Icon01,UI_Icon_Shangdian.png,,PropertyShopEvent|101,,,,,,,,,,,,,,,,,,,,,,,1,,,,1
3011,出售,出售功能,3,,,,3011,1,,,,ShopSellEvent|101,,,,,,,,,,,,,,,,,,,,,,,1,,,,1
3020,装备商店,装备商店,3,,,,3020,1,Icon01,UI_Icon_Shangdian.png,,PropertyShopEvent|104,,,,,,,,,,,,,,,,,,,,,,,1,,,,1
3021,出售,出售功能,3,,,,3021,1,,,,ShopSellEvent|104,,,,,,,,,,,,,,,,,,,,,,,1,,,,1
4020,剑士武器店,装备商店,3,,,,4020,1,Icon01,UI_Icon_Shangdian.png,,PropertyShopEvent|114,,,,,,,,,,,,,,,,,,,,,,,1,,,,1
4021,出售,出售功能,3,,,,4021,1,,,,ShopSellEvent|114,,,,,,,,,,,,,,,,,,,,,,,1,,,,1
4030,魔法师武器店,装备商店,3,,,,4030,1,Icon01,UI_Icon_Shangdian.png,,PropertyShopEvent|115,,,,,,,,,,,,,,,,,,,,,,,1,,,,1
4031,出售,出售功能,3,,,,4031,1,,,,ShopSellEvent|115,,,,,,,,,,,,,,,,,,,,,,,1,,,,1
4040,盗贼武器店,装备商店,3,,,,4040,1,Icon01,UI_Icon_Shangdian.png,,PropertyShopEvent|116,,,,,,,,,,,,,,,,,,,,,,,1,,,,1
4041,出售,出售功能,3,,,,4041,1,,,,ShopSellEvent|116,,,,,,,,,,,,,,,,,,,,,,,1,,,,1
4050,弓箭手武器店,装备商店,3,,,,4050,1,Icon01,UI_Icon_Shangdian.png,,PropertyShopEvent|117,,,,,,,,,,,,,,,,,,,,,,,1,,,,1
4051,出售,出售功能,3,,,,4051,1,,,,ShopSellEvent|117,,,,,,,,,,,,,,,,,,,,,,,1,,,,1
4060,服事武器店,装备商店,3,,,,4060,1,Icon01,UI_Icon_Shangdian.png,,PropertyShopEvent|118,,,,,,,,,,,,,,,,,,,,,,,1,,,,1
4061,出售,出售功能,3,,,,4061,1,,,,ShopSellEvent|118,,,,,,,,,,,,,,,,,,,,,,,1,,,,1
4070,商人武器店,装备商店,3,,,,4070,1,Icon01,UI_Icon_Shangdian.png,,PropertyShopEvent|121,,,,,,,,,,,,,,,,,,,,,,,1,,,,1
4071,出售,出售功能,3,,,,4071,1,,,,ShopSellEvent|121,,,,,,,,,,,,,,,,,,,,,,,1,,,,1
4080,水产商人,水产商人,3,,,,4080,1,Icon01,UI_Icon_Shangdian.png,,PropertyShopEvent|127,,,,,,,,,,,,,,,,,,,,,,,1,,,,1
4081,出售,出售功能,3,,,,4081,1,,,,ShopSellEvent|127,,,,,,,,,,,,,,,,,,,,,,,1,,,,1
4090,谷物商人,谷物商人,3,,,,4090,1,Icon01,UI_Icon_Shangdian.png,,PropertyShopEvent|128,,,,,,,,,,,,,,,,,,,,,,,1,,,,1
4091,出售,出售功能,3,,,,4091,1,,,,ShopSellEvent|128,,,,,,,,,,,,,,,,,,,,,,,1,,,,1
3030,头饰商店,头饰商店,3,,,,3030,1,Icon01,UI_Icon_Shangdian.png,,PropertyShopEvent|107,,,,,,,,,,,,,,,,,,,,,,,1,,,,1
3031,出售,出售功能,3,,,,3031,1,,,,ShopSellEvent|107,,,,,,,,,,,,,,,,,,,,,,,1,,,,1
3040,染料商店,卖美发材料的商店,3,,,,3040,1,Icon01,UI_Icon_Shangdian.png,,PropertyShopEvent|102,,,,,,,,,,,,,,,,,,,,,,,1,,,,1
3041,出售,出售功能,3,,,,3041,1,,,,ShopSellEvent|102,,,,,,,,,,,,,,,,,,,,,,,1,,,,1
3050,卡片商人,卡片商店,3,,,,3050,1,Icon01,UI_Icon_Shangdian.png,,PropertyShopEvent|111,,,,,,,,,,,,,,,,,,,,,,,1,,,,1
3052,初心者商店,新手村卖药的商店,3,,,,3052,1,Icon01,UI_Icon_Shangdian.png,,PropertyShopEvent|105,,,,,,,,,,,,,,,,,,,,,,,1,,,,1
3060,置换器商店,卖稀有道具的商人,3,,,,3060,1,Icon01,UI_Icon_Shangdian.png,,PropertyShopEvent|108,,,,,,,,,,,,,,,,,,,,,,,1,,,,1
3061,出售,出售功能,3,,,,3061,1,,,,ShopSellEvent|108,,,,,,,,,,,,,,,,,,,,,,,1,,,,1
3071,出售,出售功能,3,,,,3071,1,,,,ShopSellEvent|120,,,,,,,,,,,,,,,,,,,,,,,1,,,,1
3100,图纸碎片商店,用高等级图纸碎片兑换低等级图纸碎片,3,,,,3100,1,Icon01,UI_Icon_Shangdian.png,,PropertyShopEvent|129,,,,45,,,,,,,,,,,,,,,,,,,1,,,,1
3110,奇异金属兑换,用于紫色碎片兑换饰品等道具,3,,,,3110,1,Icon01,UI_Icon_Shangdian.png,,PropertyShopEvent|132,,,,40,,,,,,,,,,,,,,,,,,,1,,,,1
4990,,GM商店,3,,,,4990,0,Icon01,UI_Icon_Shangdian.png,,PropertyShopEvent|103,,,,,,,,,,,,,,,,,,,,,,,1,,,,1
5090,开始试炼,进入试炼副本，转职前体验各职业,2,,,,5090,0,Icon01,UI_Icon_Shangdian.png,,JobSelectEvent,,,,,,,,,,,,,,,,,,,,,,,1,,,,1
20001,奖励预览,预览某个玩法的奖励,1,1,10,,160,0,,,,,,,,,,,,,,,,,,,,,,,,,,,,,,,0
1100,初心者登记,玩家进入游戏的时候在NPC处起名,,,,,1100,0,,,,ModifyNameEvent,,,,,,,,,,,,,,,,,,,,,,,1,,,,1
1108,骑乘大嘴鸟,大嘴鸟兑换,3,,,,1108,1,Icon01,UI_Icon_Shangdian.png,,OpenBattleVehicleEvent,,,,,,,,,,,,,,,,,,,,,,,1,,,,1
1109,训练猎鹰,猎鹰兑换,3,,,,1109,1,Icon01,UI_Icon_Shangdian.png,,OpenBattleBirdEvent,,,,,,,,,,,,,,,,,,,,,,,1,,,,1
1110,改造手推车,手推车兑换,3,,,,1110,1,Icon01,UI_Icon_Shangdian.png,,OpenRefitTrolleyEvent,,,,,,,,,,,,,,,,,,,,,,,1,,,,1
9008,任务,,,,,,9008,0,Task,UI_Common_Task_Type_1.png,,OpenTask,,,,,,,,,,,,,,,,,,,,,,,1,,,,1
90081,喷泉舞蹈会,,,,,,9008,0,Icon01,UI_Icon_Paidui.png,,DelegateEvent,,,,,,,,,,,,,,,,,,,,,,,1,,,,1
90082,物种天然,,,,,,9008,0,Icon01,UI_Icon_Diaoyu.png,,DelegateEvent,,,,,,,,,,,,,,,,,,,,,,,1,,,,1
90083,白羽团历练,,,,,,9008,0,Icon01,UI_Icon_Gonghui02.png,,DelegateEvent,,,,,,,,,,,,,,,,,,,,,,,1,,,,1
90084,收集道具,,,,,,9008,0,Icon02,UI_Icon_Zawushiqu.png,,DelegateEvent,,,,,,,,,,,,,,,,,,,,,,,1,,,,1
90085,魔物试炼,,,,,,9008,0,Icon01,UI_Icon_Guaji.png,,DelegateEvent,,,,,,,,,,,,,,,,,,,,,,,1,,,,1
90086,沿路之景,,,,,,9008,0,Icon01,UI_Icon_Xiangji02.png,,DelegateEvent,,,,,,,,,,,,,,,,,,,,,,,1,,,,1
90087,高级魔物研究,,,,,,9008,0,Icon01,UI_Icon_Mvp.png,,DelegateEvent,,,,,,,,,,,,,,,,,,,,,,,1,,,,1
90088,贸易传说手记,,,,,,9008,0,Icon02,UI_Icon_Shangcheng.png,,DelegateEvent,,,,,,,,,,,,,,,,,,,,,,,1,,,,1
5121,野外练级,野外练级，经验获取途径用,,,,,5121,0,Icon01,UI_Icon_Guaji.png,,OpenGuaji,,,,,,,,,,,,,,,,,,,,,,,1,,,,1
5123,跑商,倒买倒卖，在一个地方买东西然后到另一个地方卖,3,,,,5123,1,,,,OpenBusinessMap,,,,30,,,,,,,,,,,,,,,,,,,1,,,,1
5124,玩法说明,幻化成商玩法说明,3,,,,5124,0,,,,OpenGameTips|13,,,,30,,,,,,,,,,,,,,,,,,,1,,,,1
10816,喵喵丰收,喵喵丰收,2,,,112,10816,1,IconMain,UI_Icon_Xianshi_Main.png,,OpenTimeLimit,,,,11,,,,,55,,,,,,,,,,,,,,1,,,,1
1204,挂机设置,,,,,,1204,0,,,,,,,,,,,,,,,,,,,,,,,,,,,1,,,,1
9101,玩法说明,钓鱼采集玩法说明,3,,,,9101,0,,,,OpenGameTips|6,,,,32,,,,,,,,,,,,,,,,,,,1,,,,1
9102,玩法说明,无导航拍照玩法说明,3,,,,9102,0,,,,OpenGameTips|7,,,,16,,,,,,,,,,,,,,,,,,,1,,,,1
9103,玩法说明,收集道具玩法说明,3,,,,9103,0,,,,OpenGameTips|8,,,,16,,,,,,,,,,,,,,,,,,,1,,,,1
9104,玩法说明,魔物试炼玩法说明,3,,,,9104,0,,,,OpenGameTips|9,,,,16,,,,,,,,,,,,,,,,,,,1,,,,1
9105,玩法说明,生命的奇迹玩法说明,3,,,,9105,0,,,,OpenGameTips|10,,,,15,,,,,,,,,,,,,,,,,,,1,,,,1
9106,玩法说明,诗人阿戴尔玩法说明,3,,,,9106,0,,,,OpenGameTips|11,,,,15,,,,,,,,,,,,,,,,,,,1,,,,1
9107,玩法说明,高级魔物研究玩法说明,3,,,,9107,0,,,,OpenGameTips|12,,,,30,,,,,,,,,,,,,,,,,,,1,,,,1
9108,玩法说明,喷泉舞蹈会玩法说明,3,,,,9108,0,,,,OpenGameTips|21,,,,16,,,,,,,,,,,,,,,,,,,1,,,,1
141,,收益统计开启,5,,,,141,1,,,,,,,,30,,,,,,,,,,,,,,,,,,,1,,,,1
142,,BGM房间,3,,,,142,0,,,,OpenBGMRoomEvent,,,,1,,,,,,,,,,,,,,,,,,,1,,,,1
144,,挂机按钮（自动战斗）,5,,,,144,1,,,,,,,,10,,,,,,,,,,,,,,,,,,,1,,,,1
148,,搭配,5,,,,148,1,,,,,,,50,60,,,,,,,,,,50,,,,,,,,,1,,,,1
149,天赋,贝鲁兹多方案,2,,,,149,1,Icon_ItemMaterial05,UI_icon_item_beiluzhexin.png,,,,,,55,,,,,,55,,,,,,,,,,,,,1,,,,1
1205,挂机自动吃药设置,,,,,,1205,0,,,,UseAutoMedicine,,,,,,,,,,,,,,,,,,,,,,,1,,,,1
1206,挂机范围设置,,,,,,1206,0,,,,,,,,,,,,,,,,,,,,,,,,,,,1,,,2,1
1207,挂机杂物拾取设置,,,,,,1207,0,,,,,,,,,,,,,,,,,,,,,,,,,,,1,,,1,1
1028,技能队列设置,,,,,,1028,0,,,,,,,,,,,,,,,,,,,,,,,,,,,1,,,4,1
160,聊天,聊天频道（占用）,,,,,160,1,,,,OpenChat,,,,,,,,,,,,,,,,,,,,,,,1,,,,1
170,贴士,卡普拉咨询（暂命名为贴士）,1,3,3,,170,1,IconMain,UI_Icon_CapraFAQ.png,,OpenCapraFAQEvent,,,,10,,,,,,,,,,,,,FunctionPreview,,,,,,1,,,,1
1701,问答,卡普拉咨询，问答界面,2,,,170,170,1,,,,,,,,0,,,,,,,,,,,,,,,,,,,0,,,,1
1702,贴士,卡普拉咨询，贴士界面（原百科）,2,,,170,170,1,,,,,,,,0,,,,,,,,,,,,,,,,,,,1,,,,1
171,推送,推送,2,,,,171,1,,,,,,,,0,,,,,,,,,,,,,,,,,,,1,,,,1
11407,称号,,2,,,114,114,1,,,,OpenTitleEvent,,,,25,,,,,,,,,,,,,,,,,,,1,,,,1
11408,首领图鉴,,4,,,,114,0,,,,OpenLeaderEvent,,,,0,,,,,,,,,,,,,,,,,,,1,,,,1
11409,头像,称号和头像拆分了,,,,,114,1,,,,,,,,25,,,,,,,,,,,,,,,,,,,1,,,,1
11413,首领攻略,,2,,,114,114,0,HandbookIcon01,UI_HandbookIcon_Icon_08.png,,OpenLeaderEvent,,,,16,,,,,,,,,,,,,,,,,,,1,,,,1
11204,卡普拉贵宾卡,特权月卡功能（卡普拉贵宾卡）,2,,,112,11204,1,,,,OpenMonthCard,,,,11,,,,,,,,,,,,,,,,,,,1,,,,1
11205,卡普拉贵宾礼包,月卡特权礼包,,,,,11204,1,,,,,,,,11,,,,,,,,,,,,,,,,,,,1,,,,1
1029,挂机状态设置,,,,,,1029,0,,,,,,,,,,,,,,,,,,,,,,,,,,,1,,,1,1
151,占用,道具飞到背包的动画,4,3,,,151,0,Icon01,UI_Icon_Beibao.png,Icon_Beibao,OpenBagEvent,,1,,103,,,,,,,,,,,,,,,,,,,1,,,,1
10601,时尚度奖励,时尚度奖励功能id，暂时只用于前端获取途径显示,2,,,,106,0,Icon01,UI_Icon_Zhuangban.png,,,,,,9,,,,,,,,,,,,,,,,,,,1,,,,1
11301,成就等级,成就等级功能id，暂时只用于前端获取途径显示,2,,,,113,0,Icon01,UI_Icon_Chengjiu02.png,,,,,,25,,,,,,,,,,,,,,,,,,,1,,,,0
10001,使用条款,使用条款、利用条款、个人隐私、运营政策,4,,,,,1,,,,,,,,,,,,,,,,,,,,,,,,,,,0,,,,0
11302,领取奖励,成就-领取奖励,2,,,,113,1,,,,,,,,25,,,,,,,,,,,,,,,,,,,1,,,,0
16009,语音聊天,发送语音功能,,,,,160,1,,,,,,,,,,,,,,,,,,,,,,,,,,,1,,,,1
11206,特权月卡IOS订阅,特权月卡IOS订阅,,,,,11204,0,,,,,,,,,,,,,,,,,,,,,,,,,,,0,,,,0
12000,勘测器,宝藏猎人勘测器,3,,,,180,0,,,,OpenTreasureHunterInfo,,,,35,,,,,,,,,,,,,,,,,,,1,,,,1
12001,宝藏猎人,宝藏猎人功能,3,,,,180,0,,,,GetTreasureHunterTask|TreasureSearchTaskID,,,,35,,,,,,,,,,,,,,,,,,,1,,,,1
12002,彩虹之约,双人契约功能,3,,,,180,1,,,,RequestOpenStartDoubleContractPanel,CheckShowDoubleContractBtn,,,25,,,,,,,,,,,,,,,,,,,1,,,,1
12003,彩虹之约道具界面,双人契约功能,3,,,,12003,1,,,,RequestOpenDoubleContractPanel,,,,25,,,,,,,,,,,,,,,,,,,1,,,,1
12004,回归招募,回归招募功能-节日活动,2,,,,180,1,,,,OpenReturnRecruitTask,,,,25,,,,,,,,,,,,,,,,,,,1,,,,1
12005,回归招募,回归招募功能-npc对话,3,,,,180,1,,,,OpenReturnRecruitContract,CheckShowReturnRecruitBtn,,,25,,,,,,,,,,,,,,,,,,,1,,,,1
12007,招募商店,招募商店开关,2,,,,12004,1,,,,OpenRecruitShopContract,CheckShowRecruitShopBtn,,,25,,,,,,,,,,,,,,,,,,,1,,,,1
12008,回归招募奖励开关,玩法说明,2,,,,12004,1,,,,,,,,25,,,,,,,,,,,,,,,,,,,1,,,,1
12009,回归招募任务总开关,玩法说明,2,,,,12004,1,,,,,,,,25,,,,,,,,,,,,,,,,,,,1,,,,1
180,节日活动,节日限时活动,1,2,10,,180,1,IconMain,UI_Icon_Jierihuodong.png,,OpenFestivalActivity,,,,25,,,,,,,,,,,,,,,,,,,1,,,,1
18001,节日活动,节日限时活动,,,,,,,Icon01,UI_Icon_Paidui.png,,,,,,25,,,,,,,,,,,,,,,,,,,1,,,,1
11207,兑换礼包,兑换码礼包,2,,,112,112,1,,,,OpenCDKey,,,,20,,,,,,,,,,,,,,,,,,,0,,,,0
1220,会员卡（双倍奖励触发道具）,会员卡（双倍奖励触发道具）,,,,,1220,1,,,,,,,,,,,,,,,,,,,,,,,,,,,1,,,,1
1221,贵宾卡道具,贵宾卡道具，月卡特权发,,,,,1221,0,,,,,,,,,,,,,,,,,,,,,,,,,,,1,,,,1
172,社区,韩国社区URL入口,1,4,6,,172,1,IconMain,UI_Icon_Luntan.png,,OpenCommunityURL,,,,0,,,,,,,,,,,,,,,,,,,0,,,,0
1085,游戏评价,功能屏蔽专用,,,,,1085,1,,,,,,,,1,,,,,,,,,,,,,,,,,,,0,,,,0
8001,绵绵岛补给,限时活动签到,3,,,,8001,1,,,,OpenActivityCheckIn,,,,16,,,,,,,,,,,,,,,,,,,1,,,,1
124,普通返利月卡,普通返利月卡,,,,,126,1,,,,,,,,11,,,,,,,,,,,,,,,,,,,0,,,,1
1241,普通返利月卡,用于投食直接购买,,,,,124,1,,,,OpenBuyRebateNormal,,,,11,,,,,,,,,,,,,,,,,,,0,,,,0
1251,超级返利月卡,用于投食直接购买,,,,,125,1,,,,OpenBuyRebateSuper,,,,11,,,,,,,,,,,,,,,,,,,0,,,,0
125,超级返利月卡,超级返利月卡,,,,,126,1,,,,,,,,11,,,,,,,,,,,,,,,,,,,0,,,,1
126,返利月卡,返利月卡,2,,,112,126,1,,,,OpenRebateMonthCardPanel,,,,11,,,,,,,,,,,,,,,,,,,0,,,,1
12401,普通返利月卡,普通返利月卡快速获得,,,,,124,1,,,,,,,,20,,,,,,,,,,,,,,,,,,,0,,,,1
12501,超级返利月卡,超级返利月卡快速获得,,,,,125,1,,,,,,,,20,,,,,,,,,,,,,,,,,,,0,,,,1
20002,韩国扣费政策本地化,,,,,,20002,1,,,,,,,,0,,,,,,,,,,,,,,,,,,,0,,,,1
12010,BINGO游戏,BINGO游戏,2,,,,180,0,,,,OpenBingo,,,,20,,,,,,,,,,,,,,,,,,,1,,,,1
13000,新王的号角,新王的号角,2,,,,180,1,,,,OnBtnOpenActivityNewKing,,,,45,,,,,,,,,,,,,,,,,,,1,,,,1
152,聊天屏蔽,通过屏蔽他人来使聊天频道清净,,,,,152,1,,,,,,,,10,,,,,,,,,,,,,,,,,,,1,,,,1
1045,免费装扮,针对预注册玩家,3,,,,1045,0,,,,LetsDressUp,,,,0,,,,,,,,,,,,,,,,,,,1,,,,1
11410,头像框,头像的边框,,,,,114,1,,,,,,,,25,,,,,,,,,,,,,,,,,,,1,,,,1
11411,气泡框,聊天发言时，聊天框装饰,,,,,114,1,,,,,,,,25,,,,,,,,,,,,,,,,,,,1,,,,1
11412,聊天标签,聊天发言时，名称前方的小图标,,,,,114,1,,,,,,,,25,,,,,,,,,,,,,,,,,,,1,,,,1
11414,卡片收藏,收藏卡片增加属性,,,,,11406,1,,,,,,,,20,,,,,,,,,,,,,,,,,,,1,,,,1
11208,首充礼包,首充后赠送礼包,1,1,12,,11208,1,IconMain,UI_Icon_Shouchong.png,,OpenFirstRecharge,,,,11,,,,,,,,,,,,,,,,,,,0,,,,0
11209,卡普拉礼包,定期开启金币礼包（显示）,,,,118,118,1,,,,OpenCapraReward,,,,25,,,,,,,,,,,,,,,,,,,0,,,,0
11210,卡普拉礼包1,卡普拉礼包1,,,,,11209,0,,,,,,,,25,,,,,,,,,,,,,,,,,,,0,,,,0
11211,卡普拉礼包2,卡普拉礼包2,,,,,11209,0,,,,,,,,25,,,,,,,,,,,,,,,,,,,0,,,,0
11212,卡普拉礼包3,卡普拉礼包3,,,,,11209,0,,,,,,,,30,,,,,,,,,,,,,,,,,,,0,,,,0
4100,装备图纸商人,使用材料兑换装备图纸,3,,,,4100,1,Icon01,UI_Icon_Jiaoyi.png,,OpenEquipShardTable,,,,45,,,,,,,,,,,,,,,,,,,1,,,,1
19008,卡片额外掉落,卡片额外掉落开关,,,,,19008,1,,,,,,,,20,,,,,,,,,,,,,,,,,,,1,,,,1
1089,分享功能,分享功能,,,,,,1,,,,,,,,1,,,,,,,,,,,,,,,,,,,1,,,,1
153,祈福经验,祈福经验,,,,,153,1,,,,,,,,30,,1000190|1000191|1000192|1000193|1000194|1000195,,,,,,,,,,,,,,,,,1,,,,1
154,查看他人装备,查看他人装备,2,,,107,107,1,,,,,,,,1,,,,,,,,,,,,,,,,,,,1,,,,1
11213,回归奖励,回归奖励app入口,,,,112,112,1,,,,OpenReturnActivity,,,,55,,,,,,,,,,,,,,,,,,,1,,,,1
11214,回归登录奖励,回归奖励app页签,,,,11213,11213,1,,,,,,,,55,,,,,,,,,,,,,,,,,,,1,,,,1
11215,回归活跃奖励,回归奖励app页签,,,,11213,11213,1,,,,,,,,55,,,,,,,,,,,,,,,,,,,1,,,,1
11216,回归积分商店,回归奖励app页签,,,,11213,11213,1,,,,,,,,55,,,,,,,,,,,,,,,,,,,1,,,,1
11217,回归果实商店,回归奖励app页签,,,,11213,11213,1,,,,,,,,55,,,,,,,,,,,,,,,,,,,1,,,,1
11218,回归特权展示,回归奖励app页签,,,,11213,11213,1,,,,,,,,55,,,,,,,,,,,,,,,,,,,1,,,,1
6710,剧情外链分享,剧情外链分享,,,,,,1,,,,,,,,1,,,,,,,,,,,,,,,,,,,0,,,,0
11311,萌新奖励,萌新奖励app入口,,,,112,112,1,,,,OpenNewPlayerBox,,,,15,,,,,,,,,,,,,,,,,,,1,,,,1
11312,萌新等级礼盒,萌新奖励app页签,,,,11311,11311,1,,,,,,,,15,,,,,,,,,,,,,,,,,,,1,,,,1
11313,萌新喵果商店,萌新奖励app页签,,,,11311,11311,1,,,,,,,,15,,,,,,,,,,,,,,,,,,,1,,,,1
11314,萌新特权展示,萌新奖励app页签,,,,11311,11311,1,,,,,,,,15,,,,,,,,,,,,,,,,,,,1,,,,1
11333,意见反馈,,,,,,,1,,,,OpenSuggestionCollect,,,,50,,,,,,,,,,,,,,,,,,,1,,,,1
3200,博仁斯攻略战,功能开启，进入战场,3,,,,3200,1,,,,,,,,55,,,,,,,,,,,,,,,,,,,1,,,,1
3201,博仁斯攻略战兑换商店,狩猎场积分兑换商店,3,,,,3200,1,Icon01,UI_Icon_Shangdian.png,,PropertyShopEvent|147,,,,55,,,,,,,,,,,,,,,,,,,1,,,,1
3202,进入战场,博仁斯攻略战入口,3,,,,3200,1,,,,EnterHuntField|401,CheckShowEnterHuntFieldBtn,,,55,,,,,,,,,,,,,,,,,,,1,,,,1
3203,退出战场,博仁斯攻略战出口1,,,,,3200,1,,,,LeaveScene,,,,55,,,,,,,,,,,,,,,,,,,1,,,,1
3204,退出战场,博仁斯攻略战出口2,,,,,3200,1,,,,LeaveScene,,,,55,,,,,,,,,,,,,,,,,,,1,,,,1
3205,道具商店,道具商店1,3,,,,3205,1,Icon01,UI_Icon_Shangdian.png,,PropertyShopEvent|133,,,,,,,,,,,,,,,,,,,,,,,1,,,,1
3206,玩法说明,博仁斯攻略战玩法说明,3,,,,3206,0,,,,OpenGameTips|23,,,,55,,,,,,,,,,,,,,,,,,,1,,,,1
3300,蓝色卡片兑换,蓝色卡片兑换,3,,,,3300,1,Icon01,UI_Icon_Shangdian.png,,PropertyShopEvent|142,,,,40,,,,,,,,,,,,,,,,,,,1,,,,1
3301,高级蓝色卡片兑换,蓝色卡片兑换,3,,,,3301,1,Icon01,UI_Icon_Shangdian.png,,PropertyShopEvent|143,,,,40,,,,,,,,,,,,,,,,,,,1,,,,1
3302,时效紫卡兑换,时效紫卡兑换,3,,,,3302,1,Icon01,UI_Icon_Shangdian.png,,PropertyShopEvent|158,,,,40,,,,,,,,,,,,,,,,,,,1,,,,1
3303,紫色卡片兑换,紫色卡片兑换,3,,,,3303,1,Icon01,UI_Icon_Shangdian.png,,PropertyShopEvent|159,,,,40,,,,,,,,,,,,,,,,,,,1,,,,1
3305,卡片兑换商店,卡片兑换商店,3,,,,3305,1,Icon01,UI_Icon_Shangdian.png,,OpenCardExchangeEvent,,,,30,,,,,,,,,,,,,,,,,,,1,,,,1
3400,雪花节活动商店,,3,,,,3400,1,Icon01,UI_Icon_Shangdian.png,,PropertyShopEvent|144,,,,,,,,,,,,,,,,,,,,,,,1,,,,1
3401,雪花节时装商店,,3,,,,3401,1,Icon01,UI_Icon_Shangdian.png,,PropertyShopEvent|145,,,,,,,,,,,,,,,,,,,,,,,1,,,,1
3500,神话兑换,,3,,,,3500,1,Icon01,UI_Icon_Shangdian.png,,PropertyShopEvent|149,,,,25,,,,,,,,,,,,,,,,,,,1,,,,1
14020,金秋的祈愿,,,,,14020,14020,1,Icon_ItemConsumables01,UI_LuckyDraw_Icon_Fengye.png,,ActiveMidAutumnLottery,,,,25,,,,,,,,,,,,,,,,,,,1,,,,1
14021,金秋祈愿券商店,,,,,,14020,1,Icon01,UI_Icon_Shangdian.png,,,,,,25,,,,,,,,,,,,,,,,,,,1,,,,1
14022,雪花之愿,,,,,14022,14022,1,LuckyDraw,UI_LuckyDraw_Christmas_01.png,,,,,,25,,,,,,,,,,,,,,,,,,,1,,,,1
14023,许愿小商店,,,,,,14022,1,Icon01,UI_Icon_Shangdian.png,,,,,,25,,,,,,,,,,,,,,,,,,,1,,,,1
14024,新春星愿,,,,,14024,14024,1,Icon_ItemConsumables01,UI_LuckyDraw_Icon_Siyecao_01.png,,,,,,25,,,,,,,,,,,,,,,,,,,1,,,,1
14025,新春星愿小商店,,,,,,14024,1,Icon01,UI_Icon_Shangdian.png,,,,,,25,,,,,,,,,,,,,,,,,,,1,,,,1
14026,儿童节快乐,,,,,14026,14026,1,LuckyDraw,UI_LuckyDraw_ChildrensDay_02.png,,,,,,25,,,,,,,,,,,,,,,,,,,1,,,,1
14027,儿童节小商店,,,,,,14026,1,Icon01,UI_Icon_Shangdian.png,,,,,,25,,,,,,,,,,,,,,,,,,,1,,,,1
14011,月兔来了！,,3,,,,,0,,,,,,,,,,,,,,,,,,,,,,,,,,,1,,,,1
14012,月兔乐园,,3,,,,,0,,,,EnterDungeonEvent|2600,,,,,,,,,,,,,,,,,,,,,,,1,,,,1
14010,米莉的松饼屋,秋夕节活动——吃松饼,2,,,,180,0,Icon_ItemMaterial05,UI_icon_item_qiuxicailliao9.png,,OpenMidAutumnFestivalAct,,,,25,,,,,,,,,,,,,,,,,,,1,,,,1
3210,秋夕商店,秋夕节节日商店,2,,,,,1,Icon01,UI_Icon_Shangdian.png,,PropertyShopEvent|135,,,,25,,,,,,,,,,,,,,,,,,,1,,,,1
14013,月兔来了！介绍,玩法说明,3,,,,,0,MonsterIcon001,Monster_BaiTuWang.png,,ShowMidRabbitInfo,,,,,,,,,,,,,,,,,,,,,,,1,,,,1
14014,月兔乐园介绍,玩法说明,3,,,,,0,MonsterIcon001,Monster_BaiTuWang.png,,ShowMidRabbitDungeonInfo,,,,,,,,,,,,,,,,,,,,,,,1,,,,1
3207,攻城战军需商店,攻城战GVG碎片兑换,3,,,,15201,1,Icon01,UI_Icon_Shangdian.png,,PropertyShopEvent|136,,,,60,,,,,,,,,,,,,,,,,,,1,,,,1
3208,攻城战道具专卖店,攻城战道具专卖店,3,,,,15201,1,Icon01,UI_Icon_Shangdian.png,,PropertyShopEvent|138,,,,60,,,,,,,,,,,,,,,,,,,1,,,,1
1880,直购礼包,直购礼包总功能id,,,,,180,1,,,,,,,,25,,,,,,,,,,,,,,,,,,,0,,,,1
1881,嘉年华补给站,备用1,,,,,1880,1,,,,,,,,25,,,,,,,,,,,,,,,,,,,0,,,,1
1882,直购礼包,备用2,,,,,1880,1,,,,,,,,25,,,,,,,,,,,,,,,,,,,0,,,,1
1883,直购礼包,备用3,,,,,1880,1,,,,,,,,25,,,,,,,,,,,,,,,,,,,0,,,,1
1884,直购礼包小礼包,直购礼包引导小红点,,,,,1880,1,,,,,,,,25,,,,,,,,,,,,,,,,,,,0,,,,1
1885,单个直购小礼包红点,单个直购小礼包红点,,,,,1880,1,,,,,,,,25,,,,,,,,,,,,,,,,,,,0,,,,1
1886,单个直购小礼包1,,,,,,1880,1,,,,,,,,25,,,,,,,,,,,,,,,,,,,0,,,,1
1887,单个直购小礼包2,,,,,,1880,1,,,,,,,,25,,,,,,,,,,,,,,,,,,,0,,,,1
1888,单个直购小礼包3,,,,,,1880,1,,,,,,,,25,,,,,,,,,,,,,,,,,,,0,,,,1
1889,单个直购小礼包4,,,,,,1880,1,,,,,,,,25,,,,,,,,,,,,,,,,,,,0,,,,1
18810,单个直购小礼包5,,,,,,1880,1,,,,,,,,25,,,,,,,,,,,,,,,,,,,0,,,,1
18811,直购礼包,日本用1,,,,,1880,1,,,,,,,,25,,,,,,,,,,,,,,,,,,,0,,,,1
18812,直购礼包,日本用2,,,,,1880,1,,,,,,,,25,,,,,,,,,,,,,,,,,,,0,,,,1
18813,直购礼包,日本用3,,,,,1880,1,,,,,,,,25,,,,,,,,,,,,,,,,,,,0,,,,1
14030,15日签到,ep2资料片签到,2,,,,180,1,,,,,,,,20,,,,,,,,,,,,,,,,,,,1,,,,1
15030,15日特权签到,15日特权签到,2,,,,180,1,,,,,,,,20,,,,,,,,,,,,,,,,,,,1,,,,1
4001,万圣尖叫夜,,3,,,,4001,1,,,,HalloweenActivityEvent,,,,,,,,,,,,,,,,,,,,,,,1,,,,1
4005,万圣兑换商店,,3,,,,4005,1,Icon01,UI_Icon_Shangdian.png,,PropertyShopEvent|139,,,,,,,,,,,,,,,,,,,,,,,1,,,,1
4002,花车巡游,,3,,,,,1,,,,HalloweenFestoonedVehicleEvent,,,,,,,,,,,,,,,,,,,,,,,1,,,,1
4003,小孩要糖,,3,,,,,1,,,,HalloweenChildEvent,,,,,,,,,,,,,,,,,,,,,,,1,,,,1
4004,离开万圣夜,退出万圣尖叫夜活动场景,3,,,,4001,1,,,,HalloweenPartyExit,,,,,,,,,,,,,,,,,,,,,,,1,,,,1
4006,万圣兑换商店,,3,,,,4006,1,Icon01,UI_Icon_Shangdian.png,,PropertyShopEvent|140,,,,,,,,,,,,,,,,,,,,,,,1,,,,1
15000,冰雪狂欢通行证,玩法说明,3,,,,,1,Icon_ItemConsumables02,UI_icon_item_xueqiubi.png,,,,,,15,,,,,,,,,,,,,,,,,,,1,,,,1
14999,通行证商店,玩法说明,3,,,,,1,Icon_ItemConsumables02,UI_icon_item_xueqiubi.png,,OpenMall|702,,,,15,,,,,,,,,,,,,,,,,,,1,,,,1
14998,嘉年华通行证奖励开关,玩法说明,3,,,,,1,,,,,,,,15,,,,,,,,,,,,,,,,,,,1,,,,1
14997,嘉年华通行证任务总开关,玩法说明,3,,,,,1,,,,,,,,15,,,,,,,,,,,,,,,,,,,1,,,,1
16000,组队,组队，用于通行证任务组队前往判定,,,,,,1,,,,OnOpenTeamSearch,,,,1,,,,,,,,,,,,,,,,,,,1,,,,1
77777,剧情图鉴,,2,,,114,114,1,HandbookIcon01,UI_HandbookIcon_Icon_07.png,,,,,,25,,1004110,,,,,,,,,,,,,,,,,1,,,,1
77778,剧情回忆,,2,,,77777,77777,1,,StoryBook/UI_StoryBook_1.png|StoryBook/UI_StoryBook_Bell1.png,,,,,,25,,1004110,,,,,,,,,,,,,,,,,1,,,,1
77779,图集收藏,,2,,,77777,77777,1,,StoryBook/UI_StoryBook_2.png|StoryBook/UI_StoryBook_Bell2.png,,,,,,25,,1004110,,,,,,,,,,,,,,,,,1,,,,1
77780,沿路旅程,,2,,,77777,77777,1,,StoryBook/UI_StoryBook_3.png|StoryBook/UI_StoryBook_Bell3.png,,,,,,25,,1004110,,,,,,,,,,,,,,,,,1,,,,1
1900,委托经验狂欢,五倍,,,,,,1,,,,,,,,40,,,,,,,,,,,,,,,,,,,1,,,,1
1901,委托经验狂欢,三倍,,,,,,1,,,,,,,,40,,,,,,,,,,,,,,,,,,,1,,,,1
16100,附魔行动活动总开关,,3,,,,,1,MonsterIcon001,Monster_BaiTuWang.png,,,,,,75,,,,,,,,,,,,,,,,,,,1,,,,1
16101,附魔行动任务开关,,3,,,,,1,,,,,,,,75,,,,,,,,,,,,,,,,,,,1,,,,1
16102,附魔行动奖励开关,,3,,,,,1,,,,,,,,75,,,,,,,,,,,,,,,,,,,1,,,,1
17100,精炼行动活动总开关,,3,,,,,1,,,,,,,,35,,,,,,,,,,,,,,,,,,,1,,,,1
1912,炼金术士福利,新职业福利,,,,,,1,,,,,,,,25,,,,,,,,,,,,,,,,,,,1,,,,1
1913,十字军福利,新职业福利,,,,,,1,,,,,,,,25,,,,,,,,,,,,,,,,,,,1,,,,1
1911,十字军福利,新职业福利,,,,,,1,,,,,,,,25,,,,,,,,,,,,,,,,,,,1,,,,1
1910,诗人舞娘福利,新职业福利,,,,,,1,,,,,,,,25,,,,,,,,,,,,,,,,,,,1,,,,1
4012,进入雪仗原激战,,3,,,,,1,,,,ReqSnowballFight,,,,,,,,,,,,,,,,,,,,,,,1,,,,1
4013,雪仗原激战积分榜,,3,,,,,1,,,,OpenSnowballFightRankPanel,,,,,,,,,,,,,,,,,,,,,,,1,,,,1
4014,进入奶油狂欢节,,3,,,,,1,,,,ReqCreamCarnival,,,,25,,,,,,,,,,,,,,,,,,,1,,,,1
4015,奶油狂欢节积分榜,,3,,,,,1,,,,OpenCreamCarnivalRankPanel,,,,,,,,,,,,,,,,,,,,,,,1,,,,1
30001,嘉年华通行证,获取途径,2,,,,,1,Icon_ItemConsumables02,UI_icon_item_jianianhuabi.png,,,,,,15,,,,,,,,,,,,,,,,,,,1,,,,1
30002,嘉年华通行证商店,获取途径,2,,,,,1,Icon_ItemConsumables02,UI_icon_item_jianianhuabi.png,,,,,,15,,,,,,,,,,,,,,,,,,,1,,,,1
30003,来堆雪波利吧,获取途径,2,,,,,1,Icon_ItemConsumables02,UI_icon_item_xuehua.png,,,,,,,,,,,,,,,,,,,,,,,,,1,,,,1
12011,海姆竞速,海姆竞速,,,,,,1,,,,,,,,45,,,,,,,,,,,,,,,,,,,1,,,,1
12012,海姆竞速兑换商店,海姆竞速兑换商店,3,,,,12011,1,Icon01,UI_Icon_Shangdian.png,,PropertyShopEvent|148,,,,45,,,,,,,,,,,,,,,,,,,1,,,,1
1212,战斗的渴望,周末挂机活动,,,,,,1,,,,,,,,40,,,,,,,,,,,,,,,,,,,1,,,,1
22010,十字军职业开关,十字军职业开关,,,,,,1,,,,,,,,,,,,,,,,,,,,,,,,,,,1,,,,1
32010,武僧职业开关,武僧职业开关,,,,,,1,,,,,,,,,,,,,,,,,,,,,,,,,,,1,,,,1
62010,炼金职业开关,炼金职业开关,,,,,,1,,,,,,,,,,,,,,,,,,,,,,,,,,,1,,,,1
72010,诗人职业开关,诗人职业开关,,,,,,1,,,,,,,,,,,,,,,,,,,,,,,,,,,1,,,,1
72110,舞娘职业开关,舞娘职业开关,,,,,,1,,,,,,,,,,,,,,,,,,,,,,,,,,,1,,,,1
42010,智者职业开关,智者职业开关,,,,,,1,,,,,,,,,,,,,,,,,,,,,,,,,,,0,,,,1
52010,流氓职业开关,流氓职业开关,,,,,,1,,,,,,,,,,,,,,,,,,,,,,,,,,,0,,,,1
900,,跨服,,,,,,1,,,,,,,,45,,,,,,,,,,,,,,,,,,,1,,,,1
1002,随机取名功能,控制是否开启显示随机取名按钮进行随机取名,3,,,,,1,,,,,,,,1,,,,,,,,,,,,,,,,,,,1,,,,1
1003,相机拍照,控制相机模式下是否循环开关,2,,,,,1,,,,,,,,1,,,,,,,,,,,,,,,,,,,1,,,,1
4200,拔除灾厄迎新春,春节世界BOSS,2,,,,,1,Icon_ItemConsumables02,UI_icon_item_xuehua.png,,,,,,1,,,,,,,,,,,,,,,,,,,1,,,,1
14015,米莉的好运厨房,春节活动,2,,,,180,1,Icon_ItemConsumables02,UI_icon_item_MealTicketsBag.png,,OpenMiliDishFestivalAct,,,,25,,,,,,,,,,,,,,,,,,,1,,,,1
17000,神话时装系统,,2,,,,,1,,,,,,,,25,,,,,,,,,,,,,,,,,,,1,,,,1
17001,神话商店,,3,,,,,1,Icon01,UI_Icon_Shangdian.png,,PropertyShopEvent|150,,,,25,,,,,,,,,,,,,,,,,,,1,,,,1
17002,时装收藏册,,2,,,,,1,,,,,,,,25,,,,,,,,,,,,,,,,,,,1,,,,1
17003,时装染色,,2,,,,,1,,,,,,,,25,,,,,,,,,,,,,,,,,,,1,,,,1
17004,时装感应,,2,,,,,1,,,,,,,,25,,,,,,,,,,,,,,,,,,,1,,,,1
17005,古币兑换,,3,,,,,1,Icon01,UI_Icon_Shangdian.png,,PropertyShopEvent|154,,,,25,,,,,,,,,,,,,,,,,,,1,,,,1
3222,米莉的好运厨房,春节活动,2,,,,,1,Icon01,UI_Icon_Shangdian.png,,PropertyShopEvent|135,,,,25,,,,,,,,,,,,,,,,,,,1,,,,1
1026,新春兑换商店,,3,,,,1026,1,Icon01,UI_Icon_Shangdian.png,,PropertyShopEvent|152,,,,,,,,,,,,,,,,,,,,,,,1,,,,1
1027,时装兑换商店,,3,,,,1026,1,Icon01,UI_Icon_Shangdian.png,,PropertyShopEvent|161,,,,,,,,,,,,,,,,,,,,,,,1,,,,1
12006,VIP仓库,,2,,,,,1,,,,,,,,0,,,,,,,,,,,,,,,,,,,0,,,,0
119,排行榜,16级开启,1,2,3,,119,1,IconMain,UI_Icon_Paihangbang.png,,ActiveNewRank,,,,16,,,,,,,,,,,,,,,,,,,1,,,,1
11815,推荐页签,,2,,,,,1,,,,,,,,0,,,,,,,,,,,,,,,,,,,0,,,,0
11820,货币兑换功能开关,,2,,,,,1,,,,,,,,0,,,,,,,,,,,,,,,,,,,1,,,,1
11810,年龄确认,,2,,,,,1,,,,,,,,0,,,,,,,,,,,,,,,,,,,0,,,,0
11811,喵果分类显示,,2,,,,,1,,,,,,,,0,,,,,,,,,,,,,,,,,,,0,,,,0
12101,时空模拟战,5V5锦标赛,3,,,,,1,Icon02,UI_Icon_Ranked5V5.png,,LocalServerRankIsOpen,,,,70,,,,,,,,,,,,,,,,,,,1,,,,1
12102,药剂兑换,5V5锦标赛商店,3,,,,12102,1,Icon01,UI_Icon_Shangdian.png,,PropertyShopEvent|155,,,,1,,,,,,,,,,,,,,,,,,,1,,,,1
12103,时空模拟战黑市,5V5锦标赛商店,3,,,,12103,1,Icon01,UI_Icon_Shangdian.png,,PropertyShopEvent|156,,,,1,,,,,,,,,,,,,,,,,,,1,,,,1
12104,玩法说明,5V5锦标赛功能玩法说明,3,,,,12104,1,,,,OpenLoalServerWarSystemHowToPlay,,,,1,,,,,,,,,,,,,,,,,,,1,,,,1
12105,时空任务,5V5锦标赛功能玩法说明,3,,,,12105,1,,,,,,,,70,,,,,,,,,,,,,,,,,,,1,,,,1
12106,强者印记商店,5V5锦标赛商店,3,,,,12106,1,Icon01,UI_Icon_Shangdian.png,,PropertyShopEvent|157,,,,1,,,,,,,,,,,,,,,,,,,1,,,,1
12107,排行榜,5V5排位赛系统排行榜,3,,,,12107,1,Icon01,UI_Icon_Shangdian.png,,OpenFvFRank,,,,70,,,,,,,,,,,,,,,,,,,1,,,,1
18000,复制ID,,2,,,,,1,,,,,,,,0,,,,,,,,,,,,,,,,,,,0,,,,1
11101,日本版本自由加入标签,,2,,,,,1,,,,,,,,16,,,,,,,,,,,,,,,,,,,0,,,,0
501,挑战卡普拉,货币兑换,2,,,,,1,,,,OpenMall|1101,,,,15,,,,,,,,,,,,,,,,,,,0,,,,1
112041,卡普拉贵宾卡,用于投食界面支付用,2,,,,11204,1,,,,OpenBuyMonthCard,,,,11,,,,,,,,,,,,,,,,,,,0,,,,0
112042,月卡图标说明,仅日本地区使用,2,,,,11204,1,,,,,,,,11,,,,,,,,,,,,,,,,,,,0,,,,0
11816,喵果不足跳转确认,日本开，其他关,2,,,,,1,,,,,,,,16,,,,,,,,,,,,,,,,,,,0,,,,0
11817,zeny或者铜币不足弹窗,日本开，其他关,2,,,,,1,,,,,,,,16,,,,,,,,,,,,,,,,,,,0,,,,0
7002,宴会菜品分享,,2,,,,7000,1,,,,,,,,16,,,,,,,,,,,,,,,,,,,1,,,,1
90000,免费原地复活活动,仅日本开放,,,,,,1,,,,,,,,25,,,,,,,,,,,,,,,,,,,1,,,,1
13004,好友签名功能,,2,,,,130,1,,,,,,,,1,,,,,,,,,,,,,,,,,,,1,,,,1
19000,小恶魔的献礼,领取兑换券,2,,,,,1,Icon01,UI_Icon_Zengsong.png,,,,,,30,,,,,,,,,,,,,,,,,,,1,,,,1
199,祈愿,十连抽扭蛋,1,1,9,,199,1,IconMain,UI_Icon_Gacha.png,,OpenGacha,,,,10,,,,,,,,,,,,,,,,,,,0,,,,1
19900,头饰奖池,对应奖池1,2,,,,199,1,,,,,,,,25,,,,,,,,,,,,,,,,,,,0,,,,1
19901,时装奖池,对应奖池2,2,,,,199,1,,,,,,,,25,,,,,,,,,,,,,,,,,,,0,,,,1
19902,齿轮奖池,对应奖池3,2,,,,199,1,,,,,,,,25,,,,,,,,,,,,,,,,,,,0,,,,1
19903,齿轮奖池,对应奖池4,2,,,,199,1,,,,,,,,25,,,,,,,,,,,,,,,,,,,0,,,,1
19904,卡片奖池,对应奖池5,2,,,,199,1,,,,,,,,25,,,,,,,,,,,,,,,,,,,0,,,,1
19905,载具奖池,对应奖池6,2,,,,199,1,,,,,,,,25,,,,,,,,,,,,,,,,,,,0,,,,1
19906,限时奖池,对应奖池7,2,,,,199,1,,,,,,,,25,,,,,,,,,,,,,,,,,,,0,,,,1
19907,无限抽取奖池,对应奖池8,2,,,,199,1,,,,OpenGachaWithOpenSystemID,,,,10,,,,,,,,,,,,,,,,,,,0,,,,1
19908,新加1,新加1,2,,,,199,1,,,,,,,,25,,,,,,,,,,,,,,,,,,,0,,,,1
19909,新加2,新加2,2,,,,199,1,,,,,,,,25,,,,,,,,,,,,,,,,,,,0,,,,1
19910,新加3,新加3,2,,,,199,1,,,,,,,,25,,,,,,,,,,,,,,,,,,,0,,,,1
11710,委托大作战,仅日本开放,,,,,,1,,,,,,,,16,,,,,,,,,,,,,,,,,,,1,,,,1
19911,新加3,新加3,2,,,,199,1,,,,,,,,25,,,,,,,,,,,,,,,,,,,0,,,,1
19920,祈愿积分兑换,祈愿积分兑换总ID,2,,,,199,1,Icon01,UI_Icon_Shangdian.png,,,,,,25,,,,,,,,,,,,,,,,,,,0,,,,1
19921,祈愿积分兑换,祈愿积分兑换,2,,,,19920,1,Icon01,UI_Icon_Shangdian.png,,,,,,25,,,,,,,,,,,,,,,,,,,0,,,,1
19922,魔法水晶兑换,魔法水晶兑换,2,,,,19920,1,Icon01,UI_Icon_Shangdian.png,,,,,,25,,,,,,,,,,,,,,,,,,,0,,,,1
19930,新加3,新加3,2,,,,199,1,,,,,,,,25,,,,,,,,,,,,,,,,,,,0,,,,1
19931,新加3,新加3,2,,,,199,1,,,,,,,,25,,,,,,,,,,,,,,,,,,,0,,,,1
19932,新加3,新加3,2,,,,199,1,,,,,,,,25,,,,,,,,,,,,,,,,,,,0,,,,1
19933,新加3,新加3,2,,,,199,1,,,,,,,,25,,,,,,,,,,,,,,,,,,,0,,,,1
19934,新加3,新加3,2,,,,199,1,,,,,,,,25,,,,,,,,,,,,,,,,,,,0,,,,1
19935,新加3,新加3,2,,,,199,1,,,,,,,,25,,,,,,,,,,,,,,,,,,,0,,,,1
19936,新加3,新加3,2,,,,199,1,,,,,,,,25,,,,,,,,,,,,,,,,,,,0,,,,1
19937,新加3,新加3,2,,,,199,1,,,,,,,,25,,,,,,,,,,,,,,,,,,,0,,,,1
11882,集字兑换,集字兑换,,,,,,1,,,,,,,,25,,,,,,,,,,,,,,,,,,,1,,,,0
11890,猫手商队双倍活动,,,,,,,1,,,,,,,,45,,,,,,,,,,,,,,,,,,,1,,,,0
19938,稀有卡池,概率抽取紫卡,2,,,,199,1,,,,,,,,25,,,,,,,,,,,,,,,,,,,0,,,,1
19939,高级卡池,概率抽取珍贵的卡片碎片,2,,,,199,1,,,,,,,,25,,,,,,,,,,,,,,,,,,,0,,,,1
19940,普通卡池,普通卡片,2,,,,199,1,,,,,,,,25,,,,,,,,,,,,,,,,,,,0,,,,1
19941,小天使之翼（大）,小天使之翼（大）,2,,,,199,1,,,,,,,,25,,,,,,,,,,,,,,,,,,,0,,,,1
19942,小恶魔之翼（大）,小恶魔之翼（大）,2,,,,199,1,,,,,,,,25,,,,,,,,,,,,,,,,,,,0,,,,1
19943,天使波利眼罩（大）,天使波利眼罩（大）,2,,,,199,1,,,,,,,,25,,,,,,,,,,,,,,,,,,,0,,,,1
19944,瓦尔基里头盔（大）,瓦尔基里头盔（大）,2,,,,199,1,,,,,,,,25,,,,,,,,,,,,,,,,,,,0,,,,1
19945,鲨鱼恶霸（大）,鲨鱼恶霸（大）,2,,,,199,1,,,,,,,,25,,,,,,,,,,,,,,,,,,,0,,,,1
19946,恶魔派对（大）,恶魔派对（大）,2,,,,199,1,,,,,,,,25,,,,,,,,,,,,,,,,,,,0,,,,1
19947,超萌学员,超萌学员,2,,,,199,1,,,,OpenGachaWithOpenSystemID,,,,11,,,,,,,,,,,,,,,,,,,1,,,,1
19948,超萌学员（大）,超萌学员（大）,2,,,,199,1,,,,OpenGachaWithOpenSystemID,,,,11,,,,,,,,,,,,,,,,,,,1,,,,1
19949,夏日外观扭蛋,夏日外观扭蛋,2,,,,199,1,,,,OpenGachaWithOpenSystemID,,,,11,,,,,,,,,,,,,,,,,,,1,,,,1
19950,夏日外观扭蛋Ⅱ,夏日外观扭蛋Ⅱ,2,,,,199,1,,,,OpenGachaWithOpenSystemID,,,,11,,,,,,,,,,,,,,,,,,,1,,,,1
19951,夏日外观扭蛋Ⅲ,夏日外观扭蛋Ⅲ,2,,,,199,1,,,,OpenGachaWithOpenSystemID,,,,11,,,,,,,,,,,,,,,,,,,1,,,,1
19952,夏日外观扭蛋Ⅳ,夏日外观扭蛋Ⅳ,2,,,,199,1,,,,OpenGachaWithOpenSystemID,,,,11,,,,,,,,,,,,,,,,,,,1,,,,1
90001,驱逐魔物赐料理,仅日本开放,,,,,,1,,,,,,,,25,,,,,,,,,,,,,,,,,,,1,,,,1
11880,掷骰子活动,,,,,,,1,Icon_ItemConsumables03,UI_icon_item_touzi.png,,PropertyShopEvent|170,,,,16,,,,,,,,,,,,,,,,,,,1,,,,0
11881,掷骰子活动,,,,,,,1,Icon_ItemConsumables03,UI_icon_item_touzi.png,,,,,,16,,,,,,,,,,,,,,,,,,,1,,,,0
16200,预注册活动,,,,,,,1,Icon01,UI_Icon_Zengsong.png,,,,,,0,,,,,,,,,,,,,,,,,,,1,,,,0
90002,协同大作战,仅日本开放,,,,,,1,,,,,,,,20,,,,,,,,,,,,,,,,,,,1,,,,1
16010,称号分享,称号分享,,,,,11407,1,,,,,,,,25,,,,,,,,,,,,,,,,,,,1,,,,1
11220,萌新礼包,首充付费礼包,1,1,13,,11220,1,IconMain,UI_Icon_Shouchong.png,,OpenSubscription,,,,11,,,,,,,,,,,,,,,,,,,0,,,,0
108161,喵喵丰收显示,喵喵丰收是否显示原价,2,,,,10816,1,,,,,,,,11,,,,,,,,,,,,,,,,,,,0,,,,0
108162,喵喵丰收日常刷新,喵喵丰收日常周一刷新,2,,,,10816,1,,,,,,,,11,,,,,,,,,,,,,,,,,,,0,,,,0
20000,宠物,宠物功能,1,4,2,,20000,1,IconMain,UI_Icon_Pokemen.png,,OpenPokemonEvent,,,30,40,,,,,,40,,,9,40,chongwu_prefunction_title1,chongwu_prefunction_title2,FunctionPreview,UI_Icon_Pokemen.png,UI_FunctionPreview_chongwu,,,,1,,,,1
20003,宠物喂养,宠物喂养功能,2,,,,20000,1,,,,,,,,40,,,,,,,,,,,,,,,,,,,1,,,,1
20004,宠物资质培养,宠物资质培养功能,2,,,,20000,1,,,,,,,,40,,,,,,,,,,,,,,,,,,,1,,,,1
20005,宠物技能学习,宠物技能学习功能,2,,,,20000,1,,,,,,,,40,,,,,,,,,,,,,,,,,,,1,,,,1
20006,宠物装备,宠物装备功能,2,,,,20000,1,,,,,,,,40,,,,,,,,,,,,,,,,,,,1,,,,1
20007,宠物装备强化,宠物装备强化功能,2,,,,20000,1,,,,,,,,40,,,,,,,,,,,,,,,,,,,1,,,,1
20008,宠物装备分解,宠物装备分解功能,2,,,,20000,1,,,,,,,,40,,,,,,,,,,,,,,,,,,,1,,,,1
20009,宠物交互功能,宠物交互功能,2,,,,20000,1,,,,,,,,40,,,,,,,,,,,,,,,,,,,1,,,,1
20010,宠物分享功能,宠物分享功能,2,,,,20000,1,,,,,,,,40,,,,,,,,,,,,,,,,,,,1,,,,1
20012,宠物杂货店,宠物杂货店,3,,,,20000,1,Icon01,UI_Icon_Shangdian.png,,PropertyShopEvent|175,,,,40,,,,,,,,,,,,,,,,,,,1,,,,1
20014,宠物之家,宠物之家,3,,,,20000,1,Icon01,UI_Icon_Shangdian.png,,PropertyShopEvent|176,,,,40,,,,,,,,,,,,,,,,,,,1,,,,1
15301,霍德尔梦境,宠物幻境,2|3,,,,15301,1,Icon01,UI_Icon_Jingjichang.png,,ShowPetDungeonMethod,,1,40,40,,,,,40,40,,,,40,,,,,,,,,1,,,,1
15302,退出梦境,宠物幻境出口,,,,,15301,1,,,,LeaveScene,,,,40,,,,,,,,,,,,,,,,,,,1,,,,1
15303,霍德尔的秘宝,宠物幻境商店,3,,,,15301,1,Icon01,UI_Icon_Shangdian.png,,PropertyShopEvent|173,,,,40,,,,,,,,,,,,,,,,,,,1,,,,1
20011,宠物交互聊天功能,宠物交互聊天功能,2,,,,20009,1,,,,,,,,40,,,,,,,,,,,,,,,,,,,0,,,,1
20013,宠物图鉴,宠物图鉴,2,,,114,114,1,HandbookIcon01,UI_HandbookIcon_Icon_10.png,,,,,,40,,,,,,,,,,,,,,,,,,,1,,,,1
29900,卡片树功能抽奖,,,,,,29900,1,,,,,,,,25,,,,,,,,,,,,,,,,,,,1,,,,1
29901,卡片树抽奖1,,,,,,29900,1,,,,,,,,25,,,,,,,,,,,,,,,,,,,1,,,,1
29902,卡片树抽奖1对应小商店,,,,,,29901,1,,,,,,,,25,,,,,,,,,,,,,,,,,,,1,,,,1
29903,卡片树抽奖2,,,,,,29900,1,,,,,,,,25,,,,,,,,,,,,,,,,,,,1,,,,1
29904,卡片树抽奖2对应小商店,,,,,,29903,1,,,,,,,,25,,,,,,,,,,,,,,,,,,,1,,,,1
29905,卡片树抽奖3,,,,,,29900,1,,,,,,,,25,,,,,,,,,,,,,,,,,,,1,,,,1
29906,卡片树抽奖3对应小商店,,,,,,29905,1,,,,,,,,25,,,,,,,,,,,,,,,,,,,1,,,,1
30000,周年回顾,周年庆周年回顾功能开关,1,2,5,,30000,1,IconMain,UI_Icon_1stAnniversaryKr.png,,OpenAnniversaryEvent,,,,30,,,,,,,,,,,,,,,,,,,0,,,,1
11102,公会弹劾,公会弹劾开关,2,,,,111,1,,,,,,,,16,,,,,,,,,,,,,,,,,,,1,,,,1
16011,坐标功能,多功能界面——坐标功能,,,,,160,1,,,,,,,,16,,,,,,,,,,,,,,,,,,,1,,,,1
11103,公会宝贝拍一拍,公会宝贝拍一拍,3,,,,111,1,,,,OpenGuildBabyEvent,,,,16,,,,,,,,,,,,,,,,,,,1,,,,1
14000,MVP Rush！,公会GVE活动,2,,,,,1,,,,,,,,50,,,,,50,50,,,,,,,,,,,,,1,,,,1
40001,特技升级,（12级开启）,3,,,,40001,1,,,,,,,,40,,,,,,12,,,,,,,,,,,,,1,,,,1
40002,特技转移,（12级开启）,3,,,,40002,1,,,,OpenEquipEffectTransfer,,,,40,,,,,,12,,,,,,,,,,,,,1,,,,1
40003,装备强化,（12级开启）,3,,,,40003,1,,,,,,,,40,,,,,,12,,,,,,,,,,,,,1,,,,1
