MainSonId,FunctionID,ActivityName,Remarks,FatherId,ShowTime,StartTime,TimeDay,DayTime,ExtraTime,AwardID,Sort,ShowType,AtlasName,IconNameOne,IconNameTwo,IconNameThree,AtlasNameFour,IconNameFour,ServerLevelLimit,PlayerType,TotalTimes,DayTimes,ResetTimeType,ActivityForm,AcitiveText,BaseLevelShow,Target,ButtonTxt,AwardId,LimitAndRank,PreNotice,IsShow,PreTaskId,ActType,Openparam,RankMainId,GoalType
子活动主键ID（唯一标识）,功能ID,活动名称,活动备注（策划用）,TimeActivity中MainId,"功能界面显示时间，时分秒格式为000000，不可配超过235959,0点配为000000","功能开启具体时间段，时分秒格式为000000，不可配超过235959,0点配为000000",活动具体开放天（1=1|2|3代表活动周期内周一周二周三开启，2=1|2|3代表活动周期内 第一天，第二天第三天开启）,"限时:不配置为全天，具体几点则配置时间段,|分隔，0000为当天凌晨零点，不可配超过235959",活动延长时间，用以配置活动在开启时间外仍保留的时间，可以在此时间内继续在页面兑换道具或者一些其他处理，不配置或配置0代表没有延长时间,奖励及条件（奖励ID=条件参数|以此类推，不同type活动参数不同）,排序（显示活动框架配置0或者不配置）,活动界面显示类型（不填、0为默认类型）后面依据需求添加,图标图集,左侧列表图标名字,活动主题名,活动右下角暂时图片名,活动页签背景图集,活动页签背景图片名,服务器等级限制（0表示无限制）未达到条件的，不显示活动信息,玩家类型（1全体2普通4萌新8回流，后需添加即为16，32这样）,活动开放期间总次数,参与次数（用于实际生效）限次,每日重置时间（0无；1每日凌晨0点重置；2每日凌晨5点重置；3每周一凌晨0点重置；4每周一凌晨5点重置）,任务形式（1单人、2双人、3三人以上、4五人、5不限）不填为不显示,活动任务文本描述（本文控制在30个字以内，便于排版）,是否显示base等级限制（0为不显示，1为显示，不填默认显示）,跳转方式+位置（1：openallsystem表的功能ID；2：URL链接；3：3=NPCID，寻路到NPC；4:4=0代表不显示按钮）,跳转按钮显示文字,奖励预览（awardid)仅用于显示,积分每日限制和排行榜ID（积分ID=每日上限=排行榜ID=清空时间<38代表每日5点>=资源类型<1代表积分、2代表兑换货币>=今日积分文本=总积分文本=每日上限文本）,预先公告（提前秒数|messageID）,是否显示该活动（1显示，0为不显示，2为不显示在客户端）,活动引导任务,活动类型(由程序定 类型15只做基础显示，没有其他活动逻辑),开启活动所需要的参数（程序判断，用在各种地方，如401=5411330为401场景中杀人给掉落，Borensi_Open为给提示）,排行榜清空参数（填排行榜ID）,通用目标类型定义（对应commongoalstable表grouptype列）
1051,12010,BINGO游戏,BINGO游戏,109,20190827=050000|20190906=050000,20190827=050000|20190906=050000,,,20190827=050000|20190906=050000,8057011=1|8057012=3|8057013=5|8057014=10|8057015=14,2,0,Festival,UI_Festival_02_BtnImage01.png,BINGO游戏,UI_Festival_02_lihui.png,Festival,UI_Festival_BingoBG.png,0=999,1,,,2,1,参与日常活动，获取数字宝箱，点亮数字，达成BINGO，赢取丰厚奖励！,1,1=12010,前往,8060010,,,1,,4,,,
1052,8001,绵绵岛补给,绵绵岛特别补给,109,20200627=050000|20200704=050000,20200627=050000|20200704=050000,,,,,1,0,Festival,UI_Festival_03_BtnImage01.png,绵绵岛补给,UI_Festival_03_lihui.png,Festival,UI_Festival_mianmiandao.png,0=999,1,,1,2,1,节日降临，南门海边停靠了绵绵岛来的船只，喵喵们不仅带来补给品，还可以玩玩小游戏,1,1=8001,前往,8060000,,,1,,3,,,
1495,13000,新王的号角,新王的号角,155,20200725=050000|20200731=050000,20200725=050000|20200728=050000,,,20200728=050000|20200731=050000,,8,0,Festival,UI_Festival_04_BtnImage01.png,新王的号角,UI_Festival_04_lihui.png,Festival,UI_Festival_NewkingBG.png,40=999,1,,,0,1,<color=#667db1> 马勒王国将要选出新的国王，去支持你想要拥立的王子吧！</color>,1,1=13000,查看,8060020,,,1,,6,,,
1053,8001,绵绵岛补给,绵绵岛特别补给,109,20200806=050000|20200813=235900,20200806=050000|20200813=235900,,,,,1,0,Festival,UI_Festival_03_BtnImage01.png,绵绵岛补给,UI_Festival_03_lihui.png,Festival,UI_Festival_mianmiandao.png,0=999,1,,1,2,1,节日降临，南门海边停靠了绵绵岛来的船只，喵喵们不仅带来补给品，还可以玩玩小游戏,1,1=8001,前往,8060030,,,1,,3,,,
1101,3200,博仁斯攻略战,博仁斯攻略战,160,20200814=050000|20200830=050000,20200814=050100|20200827=233000,,213000=233000,20200814=050000|20200830=050000,,5,0,Festival,UI_Festival_05_BtnImage01.png,博仁斯攻略战,UI_Festival_05_lihui.png,Festival,UI_Festival_gonglvezhanBG.png,0=999,1,,,2,1,前往博仁斯遗址，对抗敌对势力，收集盐桩碎片，兑换优质奖励吧！,1,1=3202,前往,8060040,802=0=2001=38=1=今日积分=总积分=每日上限|801=4000=0=38=2=今日碎片=总碎片=每日上限,900=70001,1,,7,401=5411330|今日博仁斯攻略战结束啦|本次博仁斯攻略战圆满结束啦,2001,
1201,0,活动掉落额外,活动掉落额外,150,20200822=050000|20200829=050000,20200822=050000|20200829=050000,,,,,7,0,Festival,UI_Festival_03_BtnImage01.png,活动掉落额外,UI_Festival_03_lihui.png,Festival,UI_Festival_mianmiandao.png,0=999,1,,,2,1,,1,1=3202,前往,8060040,,,2,,8,301,,
1054,12010,BINGO游戏,BINGO游戏,111,20200822=050000|20200904=235900,20200823=050000|20200902=050000,,,20200902=050000|20200904=235900,8057011=1|8057012=3|8057013=5|8057014=10|8057015=14,2,0,Festival,UI_Festival_02_BtnImage01.png,BINGO游戏,UI_Festival_02_lihui.png,Festival,UI_Festival_BingoBG.png,0=999,1,,,2,1,参与日常活动，获取数字宝箱，点亮数字，达成BINGO，赢取丰厚奖励！,1,1=12010,前往,8060010,,,1,,4,,,
1055,0,勇者的荣耀,PVP活动掉落增加,111,20200903=050000|20200910=050000,20200903=050000|20200910=050000,,,,,7,0,Festival,UI_Festival_06_BtnImage01.png,勇者的荣耀,UI_Festival_06_lihui.png,Festival,UI_Festival_GVGBG.png,0=999,1,,,                                                                                                                                   ,1,活动期间参与战场和擂台会获得1.5倍的勇气勋章奖励，还有概率获得勇者的荣耀礼包,1,1=15003,前往,8060050,,,1,,8,302,,
1056,0,谁是MVP！,MVP参与奖额外奖励,112,20200912=050000|20200919=050000,20200912=050000|20200919=050000,,,,,9,0,Festival,UI_Festival_08_BtnImage01.png,谁是MVP！,UI_Festival_08_lihui.png,Festival,UI_Festival_MvpBG.png,0=999,1,,,2,1,活动期间，MVP刷新时间降低，获得参与奖会获得额外礼包，可随机开出坐骑培养道具,1,1=5100,前往,8060060,,,1,,9,,,
1058,0,超极限挑战,极限挑战活动掉落增加,112,20200915=050000|20200919=050000,20200915=050000|20200919=050000,,,,,10,0,Festival,UI_Festival_10_BtnImage01.png,超极限挑战,UI_Festival_10_lihui.png,Festival,UI_Festival_JiXianBG.png,0=999,1,,,                                                                                                                                   ,3,活动期间参与极限挑战，基础经验和铜币奖励变为1.5倍，有概率获得额外礼包,1,1=5140,前往,8060070,,,1,,8,303,,
1410,12002,彩虹之约,彩虹之约,112,20200918=050000|20200925=050000,20200918=050000|20200925=050000,,,,,11,0,Festival,UI_Festival_07_BtnImage01.png,彩虹之约,UI_Festival_07_lihui.png,Festival,UI_Festival_doubledeedBG.png,0=999,1,,,2,2,来自神秘乌坦族的巫女之灵，请求相知的冒险者接受七日彩虹之约的考验，帮助了却千年未遂的心愿。,1,1=12002,前往,8060080,,,1,,13,,,
1420,14020,金秋的祈愿,金秋的祈愿,112,20200918=050000|20200919=130000,20200918=050000|20200919=130000,,,,,13,0,Festival,UI_Festival_13_BtnImage01.png,金秋的祈愿,UI_Festival_13_lihui.png,Festival,UI_Festival_jinqiudeqiyuanBG.png,0=999,1,999,,,1,秋意渐浓，秋风送礼，参与金秋的祈愿，可祈福到节日限定饰品、时装、载具哦！,1,1=14020,前往,8060100,,,1,,14,,,
1402,14011,月兔来了！,秋夕野外刷怪,112,20200919=050000|20200924=050000,20200919=050000|20200924=050000,,090000=091500|120000=121500|180000=181500|220000=221500,,,14,0,Festival,UI_Festival_11_BtnImage01.png,月兔来了！,UI_Festival_11_lihui.png,Festival,UI_Festival_TuzilaileBG.png,0=999,1,,,2,1,活动期间每日9点、12点、18点和22点将在斐扬东部，斐扬南部，斐扬东南刷新秋夕节月兔，击杀可以获得大量松饼原料奖励,0,1=14013,前往,8200530,,60=29102,1,,11,,,
1403,14012,月兔乐园,秋夕副本,112,20200918=050000|20200925=050000,20200918=050000|20200925=050000,,,,,15,0,Festival,UI_Festival_12_BtnImage01.png,月兔乐园,UI_Festival_12_lihui.png,Festival,UI_Festival_TuzileyuanBG.png,0=999,1,,,2,1,通过米莉的松饼屋商店购买门票，前往斐扬寻找苏珊娜参与月兔乐园副本，通关副本可以获得大量松饼原料奖励,0,1=14012,前往,8200520,,,1,,15,,,
1401,14010,米莉的松饼屋,秋夕节活动——吃松饼,112,20200918=050000|20200925=050000,20200918=050000|20200925=050000,,,,,12,0,Festival,UI_Festival_09_BtnImage01.png,米莉的松饼屋,UI_Festival_09_lihui.png,Festival,UI_Festival_chisongbingBG.png,0=999,1,,,2,1,通过完成委托、击杀魔物、秋夕活动和秋夕商店等方式获得原料，前往米莉的松饼屋和米莉一起制作松饼，获得丰厚奖励！,1,1=14010,前往,8200470,,,1,,12,,,
1059,0,秋夕节活动,活动掉落额外,112,20200918=050000|20200925=050000,20200918=050000|20200925=050000,,,,,17,0,Festival,UI_Festival_09_BtnImage01.png,秋夕节活动,UI_Festival_09_lihui.png,Festival,UI_Festival_chisongbingBG.png,0=999,1,,,2,1,,1,1=3202,前往,8200470,,,2,,8,305,,
1060,0,无尽的挑战,无限塔额外掉落,161,20201005=050000|20201012=050000,20201005=050000|20201012=050000,,,,,18,0,Festival,UI_Festival_14_BtnImage01.png,无尽的挑战,UI_Festival_14_lihui.png,Festival,UI_Festival_wujingzhitaBG.png,0=999,1,,,4,1,"活动期间参与无限塔所获铜币提升50%，5,10层会产出EP2.0前夕馈赠礼包，其余BOSS层和mini层概率产出包含莫拉币和zeny的礼包",1,1=5031,前往,8060120,,,1,,8,306,,
1061,8001,绵绵岛丰收庆典,绵绵岛特别补给,161,20201007=050000|20201014=235900,20201007=050000|20201014=235900,,,,,1,0,Festival,UI_Festival_03_BtnImage01.png,绵绵岛丰收庆典,UI_Festival_03_lihui.png,Festival,UI_Festival_mianmiandao.png,0=999,1,,1,2,1,金秋时分，是收获的季节，这次绵绵岛来的喵喵们带来了比以往更多的补给赠与玩家。,1,1=8001,前往,8060130,,,1,,3,,,
1102,3200,博仁斯攻略战,博仁斯攻略战,161,20200930=050000|20201006=050000,20200930=050000|20201004=050000,,213000=233000,20200930=050000|20201006=050000,,5,0,Festival,UI_Festival_05_BtnImage01.png,博仁斯攻略战,UI_Festival_05_lihui.png,Festival,UI_Festival_gonglvezhanBG.png,0=999,1,,,2,1,前往博仁斯遗址，对抗敌对势力，收集盐桩碎片，兑换优质奖励吧！,1,1=3202,前往,8060040,802=0=2001=38=1=今日积分=总积分=每日上限|801=4000=0=38=2=今日碎片=总碎片=每日上限,900=70001,1,,7,401=5411330|今日博仁斯攻略战结束啦|本次博仁斯攻略战圆满结束啦,2001,
1501,12001,宝藏猎人,宝藏猎人,161,20200930=050000|20201007=050000,20200930=050000|20201007=050000,,213000=233000,,,10,0,Festival,UI_Festival_01_BtnImage01.png,宝藏猎人,UI_Festival_01_lihui.png,Festival,UI_Festival_TreasureHunterBG.png,0=999,1,,3,2,1,成为一名宝藏猎人，寻找神秘魔物掩藏的宝藏，有机会勘探出惊喜奖励！,1,1=12001,前往,8060110,,,1,6001000,2,22001010,,
1800,1881,嘉年华补给站,,200,20201028=050000|20201128=050000,20201028=050000|20201128=050000,,,,,10,4,Festival,UI_Festival_24_BtnImage01.png,,,,,0=999,1,,,,,,,,,,,,1,,19,,,
2001,11219,嘉年华等级礼包,活跃,200,20201021=050000|20201121=050000,20201021=050000|20201121=050000,,,,,20,3,Festival,UI_Festival_20_BtnImage01.png,嘉年华等级礼包,,Festival,UI_Festival_JianmianliBG2.png,55=999,2,,,,1,来自武道家的礼物,0,4=0,,,,,1,,18,,,
2002,11219,RO重逢等级礼包,回流,200,20201021=050000|20201121=050000,20201021=050000|20201121=050000,,,,,21,3,Festival,UI_Festival_20_BtnImage01.png,RO重逢等级礼包,,Festival,UI_Festival_JianmianliBG2.png,55=999,8,,,,1,远行的冒险者，欢迎回家,0,4=0,,,,,1,,18,,,
2003,11219,武道家的成长支援,萌新,200,20201021=050000|20201121=050000,20201021=050000|20201121=050000,,,,,22,3,Festival,UI_Festival_20_BtnImage01.png,武道家的成长支援,,Festival,UI_Festival_JianmianliBG.png,55=999,4,,,,1,初心者专属升级加速礼,0,4=0,,,,,1,,18,,,
1901,14030,15日签到礼,15日新服签到,200,20201021=050000|20201121=050000,20201021=050000|20201121=050000,,,,,23,5,Festival,UI_Festival_23_BtnImage01.png,<color=#fbfaf8>15</color><color=#395559>日新服</color>|<color=#44737b>专属签到礼</color>,,Festival,UI_Festival_HuiGui2BG.png,0=44,1,,,2,1,<color=#44737b>冒险者，欢迎你的加入，在嘉年华活动期间，我们为你准备了内容丰富的15日登录礼，累计登录即可领奖。祝你在RO的每一天都充实而快乐！</color>,0,,,,,,1,,20,,,
1902,14030,15日签到礼,15日活跃签到,200,20201021=050000|20201121=050000,20201021=050000|20201121=050000,,,,,24,5,Festival,UI_Festival_25_BtnImage01.png,<color=#18303e>15</color><color=#2d586f>日嘉年华</color>|<color=#2d586f>限定签到礼</color>,,Festival,UI_Festival_HuiGui3BG.png,45=999,2,,,2,1,<color=#2d586f>冒险者，感谢你对RO的支持，在嘉年华活动期间，我们为你准备了内容丰富的15日登录礼，累计登录即可领奖。祝你在RO的每一天都充实而快乐！</color>,0,,,,,,1,,20,,,
1903,14030,15日签到礼,15日萌新签到,200,20201021=050000|20201121=050000,20201021=050000|20201121=050000,,,,,25,5,Festival,UI_Festival_23_BtnImage01.png,<color=#fbfaf8>15</color><color=#395559>日萌新</color>|<color=#44737b>专属签到礼</color>,,Festival,UI_Festival_HuiGui2BG.png,45=999,4,,,2,1,<color=#44737b>冒险者，欢迎你的加入，在嘉年华活动期间，我们为你准备了内容丰富的15日登录礼，累计登录即可领奖。祝你在RO的每一天都充实而快乐！</color>,0,,,,,,1,,20,,,
1904,14030,15日签到礼,15日回归签到,200,20201021=050000|20201121=050000,20201021=050000|20201121=050000,,,,,26,5,Festival,UI_Festival_24_BtnImage01.png,<color=#6d100d>15</color><color=#feefcd>日回归</color>|<color=#fbf5e7>专属签到礼</color>,,Festival,UI_Festival_HuiGui1BG.png,45=999,8,,,2,1,<color=#fbf5e7>冒险者，欢迎你的归来，在嘉年华活动期间，我们为你准备了内容丰富的15日登录礼，累计登录即可领奖。愿RO能陪你走过更多快乐时光！</color>,0,,,,,,1,,20,,,
4001,4001,万圣尖叫夜,万圣尖叫夜,200,20201022=050000|20201030=050000,20201029=215500|20201029=222000,,,,,41,7,Festival,UI_Festival_31_BtnImage01.png,万圣尖叫夜,UI_Festival_12_lihui.png,Festival,UI_Festival_halloween1.png,0=999,1,,,2,1,万圣节当晚会开启尖叫夜庆典，可通过普隆德拉的格里尔进入！还能在格里尔处租赁节日时装哦！,0,1=4001,前往,8060140,,,1,,23,,,
4002,4002,万圣花车游行,万圣花车游行,200,20201022=050000|20201029=050000,20201022=050000|20201029=050000,,200000=215000,,,42,9,Festival,UI_Festival_32_BtnImage01.png,万圣花车游行,UI_Festival_12_lihui.png,Festival,UI_Festival_halloween2.png,0=999,1,,,2,1,活动期间每晚将会有万圣花车在普隆德拉游行，跟随花车将会有惊喜哦！,0,4=0,,8060150,,300=29200,1,,22,,,
4003,4003,不给糖就捣蛋,万圣小孩要糖,200,20201022=050000|20201029=050000,20201022=050000|20201029=050000,,,,,43,8,Festival,UI_Festival_30_BtnImage01.png,不给糖就捣蛋,UI_Festival_12_lihui.png,Festival,UI_Festival_halloween.png,0=999,1,,,2,1,顽皮的小孩在各个主城出现，然后主动跑向你，向你讨要糖果，给两颗糖就可以免一顿“招待”，并且获得一些奖励。糖果可通过委托获得。,0,1=117,前往,8060160,,,1,,21,,,
4004,0,委托掉糖,委托概率出糖,200,20201022=050000|20201029=050000,20201022=050000|20201029=050000,,,,,19,0,Festival,UI_Festival_09_BtnImage01.png,委托掉糖,UI_Festival_09_lihui.png,Festival,UI_Festival_GVGBG.png,0=999,1,,,2,1,,1,1=3202,前往,8200470,,,2,,8,307,,
1202,0,协同大作战,助战活动,200,20201025=050000|20201101=050000,20201025=050000|20201101=050000,,,,,7,0,Festival,UI_Festival_34_BtnImage01.png,协同大作战,UI_Festival_03_lihui.png,Festival,UI_Festival_Zhuzhan.png,0=999,1,,,2,1,活动期间助战其他玩家会获得额外50%的协同之证奖励，协同商店在12月2日前还出售限量的嘉年华纪念币哦~,1,1=3070,前往,8060170,,,1,,8,301,,
1203,12010,BINGO游戏,BINGO游戏,200,20201023=050000|20201029=050000,20201023=050000|20201027=050000,,,20201027=050000|20201029=050000,8057011=1|8057012=3|8057013=5|8057014=10|8057015=14,2,0,Festival,UI_Festival_02_BtnImage01.png,BINGO游戏,UI_Festival_02_lihui.png,Festival,UI_Festival_BingoBG.png,0=60,1,,,2,1,参与日常活动，获取数字宝箱，点亮数字，达成BINGO，赢取丰厚奖励！,1,1=12010,前往,8060010,,,1,,4,,,
1204,8001,绵绵岛新服补给,绵绵岛特别补给,200,20201023=050000|20201030=235900,20201023=050000|20201030=235900,,,,,1,0,Festival,UI_Festival_03_BtnImage01.png,绵绵岛新服补给,UI_Festival_03_lihui.png,Festival,UI_Festival_mianmiandao.png,0=45,1,,1,2,1,迎接新人，南门海边停靠了绵绵岛来的船只，喵喵们不仅带来补给品，还可以玩玩小游戏,1,1=8001,前往,8060000,,,1,,3,,,
3001,12004,回归招募,回归招募,200,20210228=050000|20210314=050000,20210228=050000|20210314=050000,,,,,50,2,Festival,UI_Festival_huiliuzhaomu_02.png,回归招募,,,,55=999,1,,,,2,,0,1=12005,前往,4349980,,,1,,17,,,
3002,12004,回归招募,回归招募-缔结后,200,20210228=050000|20210329=050000,20210228=050000|20210329=050000,,,,,50,2,Festival,UI_Festival_huiliuzhaomu_02.png,回归招募,,,,55=999,1,,,,2,,0,1=12005,前往,4349980,,,1,,24,,,
5001,15000,嘉年华通行证,嘉年华通行证,200,20200828=050000|20201003=050000,20200828=050000|20200928=045900,,,20200828=045900|20201003=050000,,19,1,Festival,UI_Festival_21_BtnImage01.png,嘉年华通行证,,Festival,UI_Festival_pass.png,0=999,1,,,,1,,1,1=15000,前往,,,,1,,16,,,
5002,15000,冰雪狂欢通行证,冰雪狂欢通行证,210,20201203=050000|20201204=050000,20201203=050000|20201204=050000,,,20201203=050000|20201204=050000,,19,1,Festival,UI_Festival_47_BtnImage01.png,嘉年华通行证,,Festival,UI_Festival_pass.png,0=999,1,,,,1,,1,1=15000,前往,,,,1,,16,,,
5003,15000,新春通行证,新春通行证,210,20201208=050000|20201210=050000,20201208=050000|20201209=050000,,,20201209=050000|20201210=050000,,19,1,Festival,UI_Festival_75_BtnImage01.png,嘉年华通行证,,Festival,UI_Festival_pass.png,0=999,1,,,,1,,1,1=15000,前往,,,,1,,16,,,
5004,15000,春日通行证,春日通行证,210,20201212=050000|20201215=050000,20201212=050000|20201214=050000,,,20201214=050000|20201215=050000,,19,1,Festival,UI_Festival_76_BtnImage01_zz.png,嘉年华通行证,,Festival,UI_Festival_pass.png,0=999,1,,,,1,,1,1=15000,前往,,,,1,,16,,,
5005,15000,初夏通行证,初夏通行证,210,20210101=050000|20210105=050000,20210101=050000|20210104=050000,,,20210104=050000|20210105=050000,,19,1,Festival,UI_Festival_88_BtnImage01_zz.png,嘉年华通行证,,Festival,UI_Festival_pass.png,0=999,1,,,,1,,1,1=15000,前往,,,,1,,16,,,
5006,15000,菠萝通行证,菠萝通行证,210,20210201=050000|20210205=050000,20210201=050000|20210204=050000,,,20210204=050000|20210205=050000,,19,1,Festival,UI_Festival_105_BtnImage01_zz.png,嘉年华通行证,,Festival,UI_Festival_pass.png,0=999,1,,,,1,,1,1=15000,前往,,,,1,,16,,,
3003,12001,宝藏猎人,宝藏猎人,200,20201029=050000|20201105=050000,20201029=050000|20201105=050000,,213000=233000,,,10,0,Festival,UI_Festival_01_BtnImage01.png,宝藏猎人,UI_Festival_01_lihui.png,Festival,UI_Festival_TreasureHunterBG.png,0=999,1,,3,2,1,成为一名宝藏猎人，寻找神秘魔物掩藏的宝藏，有机会勘探出惊喜奖励！,1,1=12001,前往,8060110,,,1,6001000,2,22001010,,
1062,0,超极限挑战,极限挑战活动掉落增加,200,20201116=050000|20201120=050000,20201115=050000|20201120=050000,,,,,10,0,Festival,UI_Festival_10_BtnImage01.png,超极限挑战,UI_Festival_10_lihui.png,Festival,UI_Festival_JiXianBG.png,0=999,1,,,                                                                                                                                   ,3,活动期间参与极限挑战，基础经验和铜币奖励变为1.5倍，有概率获得额外礼包,1,1=5140,前往,8060070,,,1,,8,303,,
1103,3200,博仁斯攻略战,博仁斯攻略战,200,20201119=050000|20201125=050000,20201119=050000|20201123=050000,,213000=233000,20201119=050000|20201125=050000,,5,0,Festival,UI_Festival_05_BtnImage01.png,博仁斯攻略战,UI_Festival_05_lihui.png,Festival,UI_Festival_gonglvezhanBG.png,0=999,1,,,2,1,前往博仁斯遗址，对抗敌对势力，收集盐桩碎片，兑换优质奖励吧！,1,1=3202,前往,8060040,802=0=2001=38=1=今日积分=总积分=每日上限|801=4000=0=38=2=今日碎片=总碎片=每日上限,900=70001,1,,7,401=5411330|今日博仁斯攻略战结束啦|本次博仁斯攻略战圆满结束啦,2001,
1063,0,宴会狂欢,宴会狂欢,200,20201127=050000|20201202=050000,20201127=050000|20201202=050000,,,,,20,0,Festival,UI_Festival_39_BtnImage01.png,宴会狂欢,UI_Festival_10_lihui.png,Festival,UI_Festival_Dinner.png,0=999,1,,,                                                                                                                                   ,1,活动期间参与公会宴会，吃下食物时会获得额外2倍的铜币和公会贡献，同时能获得额外道具奖励，有概率获得好东西哦！,1,4=0,,8060180,,,1,,8,308,,
1905,14030,15日签到礼,15日活跃签到,210,20191204=050000|20200115=235900,20191204=050000|20200115=235900,,,,,60,5,Festival,UI_Festival_36_BtnImage01.png,<color=#3e2c23>15日签到礼</color>|<color=#6c5b43>太珍儿限定</color>,,Festival,UI_Festival_Taizhener.png,0=999,2,,,2,1,,0,,,,,,1,,20,,,
1906,14030,15日签到礼,15日萌新签到,210,20191204=050000|20200115=235900,20191204=050000|20200115=235900,,,,,61,5,Festival,UI_Festival_36_BtnImage01.png,<color=#3e2c23>15日签到礼</color>|<color=#6c5b43>太珍儿限定</color>,,Festival,UI_Festival_Taizhener.png,0=999,4,,,2,1,,0,,,,,,1,,20,,,
1907,14030,15日签到礼,15日回归签到,210,20191204=050000|20200115=235900,20191204=050000|20200115=235900,,,,,62,5,Festival,UI_Festival_36_BtnImage01.png,<color=#3e2c23>15日签到礼</color>|<color=#6c5b43>太珍儿限定</color>,,Festival,UI_Festival_Taizhener.png,0=999,8,,,2,1,,0,,,,,,1,,20,,,
2100,14030,15日签到礼,15日新服签到,220,20210328=050000|20210430=045900,20210328=050000|20210430=045900,,,,,23,5,Festival_New,UI_FestivalNew_Btn_03_zy.png,<color=#ffffff>上线纪念</color>|<color=#402e23>15日签到礼</color>,,Festival,UI_Festival_15riBG_liwu.png,0=999,1,,,2,1,<color=#846F58>冒险者，欢迎你的加入，在新服活动期间，我们为你准备了内容丰富的15日登录礼，累计登录即可领奖。祝你在RO的每一天都充实快乐！</color>,0,,,,,,1,,20,,,
2101,1900,委托经验狂欢,五倍,210,20201210=050000|20201215=050000,20201210=050000|20201215=050000,,,,,10,10,Festival,UI_Festival_Trust.png,<size=66>委托</size>经验狂欢,,Festival,UI_Festival_Trust.png,70=999,1,,,,,,,1=118,立即委托,,,,1,,29,,,
2200,15030,15日签到礼,15日签到礼,210,20210507=050000|20210606=235900,20210507=050000|20210606=235900,,,,,23,27,Festival,UI_Festival_77_BtnImage01_wcx.png,<color=#ffffff>周年庆</color>|<color=#402e23>15日签到礼</color>,,Festival,UI_Festival_PaidSign_wcx.png,0=999,1,,,2,1,<color=#846F58>冒险者，欢迎你的加入，在周年庆期间，我们为你准备了内容丰富的15日登录礼，累计登录即可领奖。祝你在RO的每一天都充实快乐！</color>,0,,,,,,1,,45,,,
6100,16100,附魔行动,附魔行动,210,20201210=050000|20201217=050000,20201210=050000|20201217=050000,,,,,18,11,Festival,UI_Festival_42_BtnImage01.png,附魔行动,,Festival,UI_Festival_pass.png,70=999,1,,,,1,,1,1=16100,前往,,,,1,,30,,,
6101,0,附魔行动,附魔行动,210,20201210=050000|20201217=050000,20201210=050000|20201217=050000,,,,,18,11,Festival,UI_Festival_42_BtnImage01.png,附魔行动,,Festival,UI_Festival_pass.png,70=999,1,,,,1,,1,1=16100,前往,,,,2,,8,311,,
7100,17100,精炼行动,精炼行动,210,20210607=050000|20210608=050000,20210607=050000|20210608=050000,,,,,18,26,Festival,UI_Festival_102_BtnImage01_zz.png,本活动仅检测身上穿戴装备的精炼等级,,Festival,UI_Festival_pass.png,0=999,1,,,,1,,1,1=17100,前往,,810=0=2600=0=1=0=0=0,,1,,46,,2600,131
1205,8001,绵绵岛冬日补给,绵绵岛冬日补给,210,20201205=050000|20201212=235900,20201205=050000|20201212=235900,,,,,30,0,Festival,UI_Festival_03_BtnImage01.png,绵绵岛冬日补给,UI_Festival_03_lihui.png,Festival,UI_Festival_mianmiandao.png,0=999,1,,1,2,1,绵绵岛来的猫猫们这次更新了携带的礼物，快点去南门找他们吧！,1,1=8001,前往,8060130,,,1,,3,,,
1908,1882,嘉年华补给站,,210,20191212=050000|20200112=235900,20191212=050000|20200112=235900,,,,,20,4,Festival,UI_Festival_24_BtnImage01.png,,,,,0=999,1,,,,,,,,,,,,1,,19,,,
1064,0,勇者的荣耀,PVP活动掉落增加,210,20201209=050000|20201214=050000,20201209=050000|20201214=050000,,,,,40,0,Festival,UI_Festival_06_BtnImage01.png,勇者的荣耀,UI_Festival_06_lihui.png,Festival,UI_Festival_GVGBG.png,0=999,1,,,                                                                                                                                   ,1,活动期间参与战场和擂台会获得1.5倍的勇气勋章奖励，还有概率获得勇者的荣耀礼包,1,1=15003,前往,8060050,,,1,,8,302,,
2110,1910,十字军福利,新职业福利,210,20201212=050000|20210112=050000,20201212=050000|20210112=050000,,,,,20,12,Festival,UI_Festival_37_BtnImage01.png,十字军福利,,,,70=999,1,,,,,,,,,,,,1,,31,310,,
1206,0,助战十字军福利,助战十字军福利,210,20201212=050000|20210112=050000,20201212=050000|20210112=050000,,,,,22,0,Festival,UI_Festival_34_BtnImage01.png,助战十字军福利,UI_Festival_03_lihui.png,Festival,UI_Festival_Zhuzhan.png,0=999,1,,,2,1,活动期间助战<color=$$Yellow$$>十字军职业</color>玩家会获得<color=$$Yellow$$>额外50%</color>的协同之证奖励，快来助战吧！,1,1=3070,前往,8060170,,,2,,8,310,,
1207,12010,BINGO游戏,BINGO游戏,200,20201023=050000|20201029=050000,20201023=050000|20201027=050000,,,20201027=050000|20201029=050000,8057011=1|8057012=3|8057013=5|8057014=10|8057015=14,2,0,Festival,UI_Festival_02_BtnImage01.png,BINGO游戏,UI_Festival_02_lihui.png,Festival,UI_Festival_BingoBG.png,0=60,1,,,2,1,参与日常活动，获取数字宝箱，点亮数字，达成BINGO，赢取丰厚奖励！,1,1=12010,前往,8060010,,,1,,4,,,
1208,8001,绵绵岛新服补给,绵绵岛特别补给,200,20201023=050000|20201030=235900,20201023=050000|20201030=235900,,,,,1,0,Festival,UI_Festival_03_BtnImage01.png,绵绵岛新服补给,UI_Festival_03_lihui.png,Festival,UI_Festival_mianmiandao.png,0=45,1,,1,2,1,迎接新人，南门海边停靠了绵绵岛来的补给船只，还不赶快去看看,1,1=8001,前往,8060030,,,1,,3,,,
1909,14022,雪花之愿,雪花之愿,210,20191204=050000|20200115=235900,20191204=050000|20200115=235900,,,,,13,17,Festival,UI_Festival_48_BtnImage01.png,雪花之愿,,,,0=999,1,,,,,四个头饰奖池均获得后解锁时装、载具奖池！首抽免费！,,,,,,,1,,32,,,
4010,0,魔物的雪花节,日常挂机特殊掉落,210,20201217=050000|20201224=050000,20201217=050000|20201224=050000,,,,,61,0,Festival,UI_Festival_52_BtnImage01.png,魔物的雪花节,UI_Festival_12_lihui.png,Festival,UI_Festival_MowuShengdan2.png,0=999,1,,,2,1,活动期间，野外普通魔物被狩猎后会有额外特殊掉落哦~,0,4=0,,8060190,,,1,,8,309,,
4011,0,雪原探宝,每日额外采集,210,20201217=050000|20201224=050000,20201217=050000|20201224=050000,,,,,62,0,Festival,UI_Festival_53_BtnImage01.png,雪原探宝,UI_Festival_12_lihui.png,Festival,UI_Festival_shihuangBG.png,0=999,1,,,2,1,在姜饼城原野出现了一些魔法雪堆！去找找看吧！能遇见意想不到的收获呢！<color=#e77e0e>普通奖励每日最多获得4次，惊喜奖励每日最多获得2次。</color>,0,4=0,,8060200,,,1,,27,,,
4012,4012,雪仗原激战,打雪仗PVP,210,20201217=050000|20201224=050000,20201217=050000|20201224=050000,,110000=130000|160000=180000|220000=235959,,,63,0,Festival,UI_Festival_50_BtnImage01.png,雪仗原激战,UI_Festival_12_lihui.png,Festival,UI_Festival_Xueyuanjizhan.png,0=999,1,,,2,5,叫上小伙伴一起来打雪仗吧！！<color=#e77e0e>每日最多参加3次。</color>单局内根据对战结果获得积分和奖励！冒险者也可以在格丽塔处查看7天的总积分榜！,0,3=60901,前往,8060210,0=0=2500=0=0=0=0=0,60=29147,1,,26,,2500,
4013,0,来堆雪波利吧,全服目标,210,20201217=050000|20201224=050000,20201217=050000|20201224=050000,,,,,64,13,Festival,UI_Festival_51_BtnImage01.png,来堆雪波利吧,UI_Festival_12_lihui.png,Festival,UI_Festival_Shengdan.png,0=999,1,,,2,5,将其他活动中收集到的材料交给阿尔什！帮助她一起堆超大的雪波利吧！<color=#e77e0e>雪波利每日只解锁一阶段，3种材料至少提交过1次才可获得阶段奖励。</color>,0,3=60935,前往观赏,8060220,,,1,,28,,,
1209,0,测试热更上限,测试热更上限,210,20201224=100000|20201227=050000,20201224=100000|20201227=050000,,,,,23,0,Festival,UI_Festival_34_BtnImage01.png,助战十字军福利,UI_Festival_03_lihui.png,Festival,UI_Festival_Zhuzhan.png,0=999,1,,,2,1,活动期间助战<color=$$Yellow$$>十字军职业</color>玩家会获得<color=$$Yellow$$>额外50%</color>的协同之证奖励，快来助战吧！,1,1=3070,前往,8060170,,,2,,8,312,,
3004,12001,宝藏猎人,配合韩国配置，不开,200,20201029=050000|20201105=050000,20201029=050000|20201105=050000,,213000=233000,,,10,0,Festival,UI_Festival_01_BtnImage01.png,宝藏猎人,UI_Festival_01_lihui.png,Festival,UI_Festival_TreasureHunterBG.png,0=999,1,,3,2,1,成为一名宝藏猎人，寻找神秘魔物掩藏的宝藏，有机会勘探出惊喜奖励！,1,1=12001,前往,8060110,,,1,6001000,2,22001010,,
1104,3200,博仁斯攻略战,博仁斯攻略战,210,20210106=050000|20210112=050000,20210106=050000|20210110=050000,,213000=233000,20210106=050000|20210112=050000,,5,0,Festival,UI_Festival_05_BtnImage01.png,博仁斯攻略战,UI_Festival_05_lihui.png,Festival,UI_Festival_gonglvezhanBG.png,0=999,1,,,2,1,前往博仁斯遗址，对抗敌对势力，收集盐桩碎片，兑换优质奖励吧！,1,1=3202,前往,8060040,802=0=2001=38=1=今日积分=总积分=每日上限|801=4000=0=38=2=今日碎片=总碎片=每日上限,900=70001,1,,7,401=5411330|今日博仁斯攻略战结束啦|本次博仁斯攻略战圆满结束啦,2001,
1210,12011,海姆竞速,海姆竞速,210,20210115=050000|20210119=050000,20210115=050000|20210118=050000,,,20210118=050000|20210119=050000,,15,14,Festival,UI_Festival_70_BtnImage01.png,赫尔海姆竞速,UI_Festival_03_lihui.png,Festival,UI_Festival_Zhuzhan.png,0=999,1,,,,4,活动期间参与赫尔海姆扰动玩法，尽全力去争取最快的速度吧！,1,1=5020,前往,8060170,0=0=1300=0=0=今日积分=总积分=每日上限,,1,,33,,1300,
1212,1212,战斗的渴望,周末挂机活动,210,20210123=050000|20210125=050000,20210123=050000|20210125=050000,,,,,25,0,Festival,UI_Festival_guajihuodong.png,战斗的渴望,,Festival,UI_Festival_GuaJiBG.png,0=999,1,,,2,1,活动期间，玩家每日可以获得额外60分钟挂机时间和60分钟魔物驱逐时间，第二天时间会重置，不会累加,1,1=5120,前往,8060230,,,1,,34,60=1|60=2,,
1911,1883,嘉年华补给站,,210,20191212=050000|20200112=235900,20191212=050000|20200112=235900,,,,,20,4,Festival,UI_Festival_24_BtnImage01.png,,,,,0=999,1,,,,,,,,,,,,1,,19,,,
1215,12010,BINGO游戏,国服不开占位,200,20201023=050000|20201029=050000,20201023=050000|20201027=050000,,,20201027=050000|20201029=050000,8057011=1|8057012=3|8057013=5|8057014=10|8057015=14,23,0,Festival,UI_Festival_02_BtnImage01.png,BINGO游戏,UI_Festival_02_lihui.png,Festival,UI_Festival_BingoBG.png,0=60,1,,,2,1,参与日常活动，获取数字宝箱，点亮数字，达成BINGO，赢取丰厚奖励！,1,1=12010,前往,8060010,,,1,,4,,,
1216,0,超极限挑战,极限挑战活动掉落增加,210,20201023=050000|20201029=050000,20201023=050000|20201029=050000,,,,,35,0,Festival,UI_Festival_10_BtnImage01.png,超极限挑战,UI_Festival_10_lihui.png,Festival,UI_Festival_JiXianBG.png,0=75,1,,,                                                                                                                                   ,3,活动期间参与极限挑战，基础经验和铜币奖励变为1.5倍，有概率获得额外礼包,1,1=5140,前往,8060070,,,1,,8,303,,
4100,4200,祓除灾厄迎新春,春节世界BOSS击杀,210,20210204=050000|20210206=050000,20210204=080000|20210206=050000,,090000=093000|120000=123000|180000=183000,,,20,15,Festival,UI_Festival_55_BtnImage01.png,祓除灾厄迎新春,,Festival,UI_Festival_SpringBoss.png,0=999,1,,,2,5,玩具商人的玩偶被魔力雪花赋予了生命四散逃跑，巴风特之影混入其中，要在节日期间预谋大计划，快去讨伐吧！记得巧用爆竹哦！,1,,前往,8590010,,60=29202,1,,36,,,
4101,,祓除灾厄迎新春,春节世界BOSS击杀,210,20210204=050000|20210206=080000,20210205=080000|20210206=050000,,090000=093000|120000=123000|180000=183000,,,21,,Festival,UI_Festival_55_BtnImage01.png,祓除灾厄迎新春,,Festival,UI_Festival_SpringBoss.png,0=999,1,,,2,5,,1,,前往,8590020,,60=29202,2,,37,,,
4102,4200,祓除灾厄迎新春,春节世界BOSS击杀,210,20210206=050100|20210207=050000,20210206=080000|20210207=050000,,190000=200000,,,22,15,Festival,UI_Festival_55_BtnImage01.png,祓除灾厄迎新春,,Festival,UI_Festival_SpringBoss.png,0=999,1,,,2,5,玩具商人的玩偶被魔力雪花赋予了生命四散逃跑，巴风特之影混入其中，要在节日期间预谋大计划，快去讨伐吧！记得巧用爆竹哦！,1,,前往,8590030,,300=29203,1,,36,,,
1912,14022,新春星愿,新春星愿,210,20191204=050000|20200115=235900,20191204=050000|20200115=235900,,,,,14,18,Festival,UI_Festival_90_BtnImage01.png,新春星愿,,,,0=999,1,,,,,四个头饰奖池均获得后解锁时装、载具奖池！首抽免费！,,,,,,,1,,32,,,
1217,0,谁是MVP！,MVP参与奖额外奖励,210,20200912=050000|20200919=050000,20200912=050000|20200919=050000,,,,,9,0,Festival,UI_Festival_08_BtnImage01.png,谁是MVP！,UI_Festival_08_lihui.png,Festival,UI_Festival_MvpBG.png,0=999,1,,,2,1,活动期间，MVP刷新时间降低，获得参与奖会获得额外礼包，可随机开出坐骑培养道具,1,1=5100,前往,8060060,,,1,,9,,,
1218,0,谁是MVP！,MVP额外参与次数,210,20200912=050000|20200919=050000,20200912=050000|20200919=050000,,,,,9,0,Festival,UI_Festival_08_BtnImage01.png,谁是MVP！,UI_Festival_08_lihui.png,Festival,UI_Festival_MvpBG.png,0=999,1,,,2,1,活动期间，MVP刷新时间降低，获得参与奖会获得额外礼包，可随机开出坐骑培养道具,1,1=5100,前往,8060060,,,2,,10,,,
1421,14015,米莉的好运厨房,春节活动年夜饭,210,20210204=050000|20210207=050000,20210204=050000|20210207=050000,,,,,10,0,Festival,UI_Festival_63_BtnImage01.png,米莉的好运厨房,,Festival,UI_Festival_SpringFestivalBG_01.png,0=999,1,,,2,1,通过完成委托、击杀魔物获得饭票，前往米莉的好运厨房兑换美味菜肴，获得丰厚奖励！,1,1=14015,前往,8060310,,,1,,35,,,
1422,0,活动掉落额外,春节活动年夜饭,210,20210204=050000|20210207=050000,20210204=050000|20210207=050000,,,,,11,0,Festival,UI_Festival_63_BtnImage01.png,春节活动,,Festival,UI_Festival_SpringFestivalBG_01.png,0=999,1,,,2,1,,1,1=3202,,8060310,,,2,,8,314,,
7000,17000,神话现世,神话现世,210,20210204=050000|20210301=050000,20210204=050000|20210301=050000,,,,,30,19,Festival,UI_Festival_legend_BtnImage01.png,神话现世,,Festival,UI_Festival_pass.png,0=999,1,,,,1,活动时间：2月4日至3月1日\n获得神话套装将获得珍藏版LOGO!,1,3=7180,前往,,,,1,,15,,,
1423,14030,15日签到礼,新年新服签到,210,20210212=050000|20210309=050000,20210212=050000|20210309=050000,,,,,70,5,Festival,UI_Festival_91_BtnImage01.png,<color=#342d25>15日签到礼</color>|<color=#786561>喜迎新年</color>,,Festival,UI_Festival_15riBG.png,0=44,1,,,2,1,<color=#786561>亲爱的冒险者，新年快乐！我们为你准备了内容丰富的15日登录礼，累计登录即可领奖。祝你在新的一年平安喜乐，收获满满！</color>,0,,,,,,1,,20,,,
1424,14030,15日签到礼,新年活跃签到,210,20210212=050000|20210309=050000,20210212=050000|20210309=050000,,,,,71,5,Festival,UI_Festival_91_BtnImage01.png,<color=#342d25>15日签到礼</color>|<color=#786561>喜迎新年</color>,,Festival,UI_Festival_15riBG.png,45=999,2,,,2,1,<color=#786561>亲爱的冒险者，新年快乐！我们为你准备了内容丰富的15日登录礼，累计登录即可领奖。祝你在新的一年平安喜乐，收获满满！</color>,0,,,,,,1,,20,,,
1425,14030,15日签到礼,新年萌新签到,210,20210212=050000|20210309=050000,20210212=050000|20210309=050000,,,,,72,5,Festival,UI_Festival_91_BtnImage01.png,<color=#342d25>15日签到礼</color>|<color=#786561>喜迎新年</color>,,Festival,UI_Festival_15riBG.png,45=999,4,,,2,1,<color=#786561>亲爱的冒险者，新年快乐！我们为你准备了内容丰富的15日登录礼，累计登录即可领奖。祝你在新的一年平安喜乐，收获满满！</color>,0,,,,,,1,,20,,,
1426,14030,15日签到礼,新年回归签到,210,20210212=050000|20210309=050000,20210212=050000|20210309=050000,,,,,73,5,Festival,UI_Festival_91_BtnImage01.png,<color=#342d25>15日签到礼</color>|<color=#786561>喜迎新年</color>,,Festival,UI_Festival_15riBG.png,45=999,8,,,2,1,<color=#786561>亲爱的冒险者，新年快乐！我们为你准备了内容丰富的15日登录礼，累计登录即可领奖。祝你在新的一年平安喜乐，收获满满！</color>,0,,,,,,1,,20,,,
1913,1881,初春限定礼,,210,20200219=000000|20200319=235900,20200219=000000|20200319=235900,,,,,51,4,Festival,UI_Festival_56_BtnImage01.png,,,,,0=999,1,,,,,,,,,,,,1,,19,,,
2111,1910,炼金术士福利,炼金术士福利,210,20210228=050000|20210328=050000,20210228=050000|20210328=050000,,,,,100,12,Festival,UI_Festival_BG_LianJin.png,炼金术士福利,,Festival,UI_Festival_LianJinBG1.png,70=999,1,,,,,,,,,,,,1,,31,310,,
2112,0,助战炼金术士福利,助战炼金术士福利,210,20210228=050000|20210328=050000,20210228=050000|20210328=050000,,,,,101,0,Festival,UI_Festival_BG_LianJin.png,助战炼金术士福利,,Festival,UI_Festival_LianJinBG1.png,70=999,1,,,2,1,活动期间助战<color=$$Yellow$$>炼金术士职业</color>玩家会获得<color=$$Yellow$$>额外35%</color>的协同之证奖励，快来助战吧！,1,1=3070,前往,8060170,,,2,,8,310,,
1219,12010,BINGO游戏,BINGO游戏,210,20201023=050000|20201029=050000,20201023=050000|20201027=050000,,,20201027=050000|20201029=050000,8057011=1|8057012=3|8057013=5|8057014=10|8057015=14,2,0,Festival,UI_Festival_02_BtnImage01.png,BINGO游戏,UI_Festival_02_lihui.png,Festival,UI_Festival_BingoBG.png,0=60,1,,,2,1,参与日常活动，获取数字宝箱，点亮数字，达成BINGO，赢取丰厚奖励！,1,1=12010,前往,8060010,,,1,,4,,,
1220,8001,绵绵岛新服补给,绵绵岛特别补给,210,20201023=050000|20201030=235900,20201023=050000|20201030=235900,,,,,1,0,Festival,UI_Festival_03_BtnImage01.png,绵绵岛新服补给,UI_Festival_03_lihui.png,Festival,UI_Festival_mianmiandao.png,0=45,1,,1,2,1,迎接新人，南门海边停靠了绵绵岛来的补给船只，还不赶快去看看,1,1=8001,前往,8060030,,,1,,3,,,
1914,14026,春日寻宝,春日寻宝,210,20191204=050000|20200115=235900,20191204=050000|20200115=235900,,,,,14,18,Festival,UI_Festival_wcx_57.png,新春星愿,,,,0=999,1,,,,,四个头饰奖池均获得后解锁时装、载具奖池！首抽免费！,,,,,,,1,,32,,,
1427,14030,15日签到礼,春天新服签到,210,20210319=050000|20210419=050000,20210319=050000|20210419=050000,,,,,74,5,Festival,UI_Festival_92_BtnImage01_zz.png,<color=#f4a1b4>15</color><color=#8ce2c5>日签到礼</color>|<color=#d46579>春日出游季</color>,,Festival,UI_Festival_HuiGuichunri4BG.png,0=44,1,,,2,1,,0,,,,,,1,,20,,,
1428,14030,15日签到礼,春天活跃签到,210,20210319=050000|20210419=050000,20210319=050000|20210419=050000,,,,,75,5,Festival,UI_Festival_92_BtnImage01_zz.png,<color=#f4a1b4>15</color><color=#8ce2c5>日签到礼</color>|<color=#d46579>春日出游季</color>,,Festival,UI_Festival_HuiGuichunri4BG.png,45=999,2,,,2,1,,0,,,,,,1,,20,,,
1429,14030,15日签到礼,春天萌新签到,210,20210319=050000|20210419=050000,20210319=050000|20210419=050000,,,,,76,5,Festival,UI_Festival_92_BtnImage01_zz.png,<color=#f4a1b4>15</color><color=#8ce2c5>日签到礼</color>|<color=#d46579>春日出游季</color>,,Festival,UI_Festival_HuiGuichunri4BG.png,45=999,4,,,2,1,,0,,,,,,1,,20,,,
1430,14030,15日签到礼,春天回归签到,210,20210319=050000|20210419=050000,20210319=050000|20210419=050000,,,,,77,5,Festival,UI_Festival_92_BtnImage01_zz.png,<color=#f4a1b4>15</color><color=#8ce2c5>日签到礼</color>|<color=#d46579>春日出游季</color>,,Festival,UI_Festival_HuiGuichunri4BG.png,45=999,8,,,2,1,,0,,,,,,1,,20,,,
1601,0,紫色卡片结晶额外掉落（不显示）,紫色卡片结晶额外掉落（不显示）,210,20210316=050000|20230207=050000,20210316=050000|20230207=050000,,,,,11,0,Festival,UI_Festival_63_BtnImage01.png,紫色卡片结晶额外掉落（不显示）,,Festival,UI_Festival_SpringFestivalBG_01.png,0=999,1,,,,,,1,,,,,,2,,8,315,,
1105,3200,博仁斯攻略战,博仁斯攻略战,210,20210106=050000|20210112=050000,20210106=050000|20210110=050000,,213000=233000,20210106=050000|20210112=050000,,5,0,Festival,UI_Festival_05_BtnImage01.png,博仁斯攻略战,UI_Festival_05_lihui.png,Festival,UI_Festival_gonglvezhanBG.png,0=999,1,,,2,1,前往博仁斯遗址，对抗敌对势力，收集盐桩碎片，兑换优质奖励吧！,1,1=3202,前往,8060040,802=0=2001=38=1=今日积分=总积分=每日上限|801=4000=0=38=2=今日碎片=总碎片=每日上限,900=70001,1,,7,401=5411330|今日博仁斯攻略战结束啦|本次博仁斯攻略战圆满结束啦,2001,
1915,1882,春日补给站,,210,20200219=000000|20200319=235900,20200219=000000|20200319=235900,,,,,51,4,Festival,UI_Festival_93_BtnImage01_yyz.png,,,,,0=999,1,,,,,,,,,,,,1,,19,,,
1221,1212,战斗的渴望,周末挂机活动,210,20210123=050000|20210125=050000,20210123=050000|20210125=050000,,,,,25,0,Festival,UI_Festival_guajihuodong.png,战斗的渴望,,Festival,UI_Festival_GuaJiBG.png,0=999,1,,,2,1,活动期间，玩家每日可以获得额外60分钟挂机时间和60分钟魔物驱逐时间，第二天时间会重置，不会累加,1,1=5120,前往,8060230,,,1,,34,60=1|60=2,,
1222,1212,战斗的渴望,周末挂机活动,210,20210223=050000|20210225=050000,20210223=050000|20210225=050000,,,,,25,0,Festival,UI_Festival_guajihuodong.png,战斗的渴望,,Festival,UI_Festival_GuaJiBG.png,0=999,1,,,2,1,活动期间，玩家每日可以获得额外60分钟挂机时间和60分钟魔物驱逐时间，第二天时间会重置，不会累加,1,1=5120,前往,8060230,,,1,,34,60=1|60=2,,
1223,1212,战斗的渴望,周末挂机活动,210,20200501=050000|20200503=050000,20200501=050000|20200503=050000,,,,,25,0,Festival,UI_Festival_guajihuodong.png,战斗的渴望,,Festival,UI_Festival_GuaJiBG.png,0=999,1,,,2,1,活动期间，玩家每日可以获得额外60分钟挂机时间和60分钟魔物驱逐时间，第二天时间会重置，不会累加,1,1=5120,前往,8060230,,,1,,34,60=1|60=2,,
1224,1212,战斗的渴望,周末挂机活动,210,20200508=050000|20200510=050000,20200508=050000|20200510=050000,,,,,25,0,Festival,UI_Festival_guajihuodong.png,战斗的渴望,,Festival,UI_Festival_GuaJiBG.png,0=999,1,,,2,1,活动期间，玩家每日可以获得额外60分钟挂机时间和60分钟魔物驱逐时间，第二天时间会重置，不会累加,1,1=5120,前往,8060230,,,1,,34,60=1|60=2,,
1225,0,超极限挑战,极限挑战活动掉落增加,210,20200429=050000|20200507=050000,20200429=050000|20200507=050000,,,,,35,0,Festival,UI_Festival_10_BtnImage01.png,超极限挑战,UI_Festival_10_lihui.png,Festival,UI_Festival_JiXianBG.png,0=999,1,,,                                                                                                                                   ,3,活动期间参与极限挑战，基础经验和铜币奖励变为1.5倍，有概率获得额外礼包,1,1=5140,前往,8060070,,,1,,8,303,,
1916,1883,初夏特惠礼,,210,20200219=000000|20200319=235900,20200219=000000|20200319=235900,,,,,52,4,Festival,UI_Festival_93_BtnImage01_yyz.png,,,,,0=999,1,,,,,,,,,,,,1,,19,,,
1211,12011,海姆竞速,海姆竞速,210,20210122=050000|20210126=050000,20210122=050000|20210125=050000,,,20210125=050000|20210126=050000,,15,14,Festival,UI_Festival_70_BtnImage01.png,赫尔海姆竞速,UI_Festival_03_lihui.png,Festival,UI_Festival_Zhuzhan.png,0=999,1,,,,4,活动期间参与赫尔海姆扰动玩法，尽全力去争取最快的速度吧！,1,1=5020,前往,8060170,0=0=1300=0=0=今日积分=总积分=每日上限,,1,,33,,1300,
3501,8001,绵绵岛新服补给,绵绵岛特别补给,200,20200719=050000|20200726=050000,20200719=050000|20200726=050000,,,,,1,0,Festival,UI_Festival_03_BtnImage01.png,绵绵岛新服补给,UI_Festival_03_lihui.png,Festival,UI_Festival_mianmiandao.png,0=999,1,,1,2,1,迎接新人，南门海边停靠了绵绵岛来的补给船只，还不赶快去看看,1,1=8001,前往,8060030,,,1,,3,,,
3502,90002,协同大作战,助战活动,200,20200726=050000|20200802=050000,20200726=050000|20200802=050000,,,,,7,0,Festival,UI_Festival_34_BtnImage01.png,协同大作战,UI_Festival_03_lihui.png,Festival,UI_Festival_Zhuzhan.png,0=999,1,,,2,,活动期间助战其他玩家会获得额外50%的协同之证奖励,1,1=3070,前往,8060170,,,1,,8,301,,
1917,14026,儿童节快乐,儿童节快乐,210,20191204=050000|20200115=235900,20191204=050000|20200115=235900,,,,,15,18,Festival,UI_Festival_wcx_57.png,儿童节快乐,,,,0=999,1,,,,,,,,,,,,1,,32,,,
1918,1886,单个直购礼包1,,210,20200219=000000|20200319=235900,20200219=000000|20200319=235900,,,,,52,23,Festival,UI_Festival_94_kapula_zy.png,特惠单个直购礼包1,,,,0=999,1,,,,,特惠单个直购礼包1特惠单个直购礼包1特惠单个直购礼包1特惠单个直购礼包1特惠单个直购礼包1,,,,,,,1,,39,,,
1919,1887,单个直购礼包2,,210,20200219=000000|20200319=235900,20200219=000000|20200319=235900,,,,,53,23,Festival,UI_Festival_94_kapula_zy.png,特惠单个直购礼包2,,,,0=999,1,,,,,特惠单个直购礼包2特惠单个直购礼包2特惠单个直购礼包2特惠单个直购礼包2特惠单个直购礼包2,,,,,,,1,,39,,,
1920,1888,单个直购礼包3,,210,20200219=000000|20200319=235900,20200219=000000|20200319=235900,,,,,54,23,Festival,UI_Festival_94_kapula_zy.png,特惠单个直购礼包3,,,,0=999,1,,,,,特惠单个直购礼包3特惠单个直购礼包3特惠单个直购礼包3,,,,,,,1,,39,,,
1921,1889,单个直购礼包4,,210,20200219=000000|20200319=235900,20200219=000000|20200319=235900,,,,,55,23,Festival,UI_Festival_94_kapula_zy.png,特惠单个直购礼包4,,,,0=999,1,,,,,特惠单个直购礼包4特惠单个直购礼包4,,,,,,,1,,39,,,
1922,18810,单个直购礼包5,,210,20200219=000000|20200319=235900,20200219=000000|20200319=235900,,,,,56,23,Festival,UI_Festival_94_kapula_zy.png,特惠单个直购礼包5,,,,0=999,1,,,,,特惠单个直购礼包5,,,,,,,1,,39,,,
1923,12011,海姆竞速,海姆竞速,210,20200517=050000|20200524=050000,20200517=050000|20200524=050000,,,,,15,14,Festival,UI_Festival_70_BtnImage01.png,赫尔海姆竞速,UI_Festival_03_lihui.png,Festival,UI_Festival_Zhuzhan.png,0=999,1,,,,4,活动期间参与赫尔海姆扰动玩法，尽全力去争取最快的速度吧！,1,1=5020,前往,8060170,0=0=1300=0=0=今日积分=总积分=每日上限,,1,,33,,1300,
2113,1910,诗人舞娘福利,诗人舞娘福利,210,20210520=050000|20210620=050000,20210520=050000|20210620=050000,,,,,100,12,Festival,UI_Festival_71_BtnImage01_zz.png,诗人舞娘福利,,Festival,UI_Festival_NewprofessBG3.png,70=999,1,,,,,,,,,,,,1,,31,310,,
2114,0,助战诗人舞娘福利,助战诗人舞娘福利,210,20210520=050000|20210620=050000,20210520=050000|20210620=050000,,,,,101,0,Festival,UI_Festival_71_BtnImage01_zz.png,助战诗人舞娘福利,,Festival,UI_Festival_NewprofessBG3.png,70=999,1,,,2,1,活动期间助战<color=$$Yellow$$>诗人、舞娘职业</color>玩家会获得<color=$$Yellow$$>额外35%</color>的协同之证奖励，快来助战吧！,1,1=3070,前往,8060170,,,2,,8,310,,
3500,90000,瓦尔基里的眷顾,免费复活活动,220,20200628=050000|20200712=050000,20200628=050000|20200712=050000,,,,,15,0,Festival_jp,UI_Festival_96_revive_zy.png,瓦尔基里的眷顾,,Festival,UI_Festival_revive_zy.png,0=999,1,,,,,<color=#FFFFFF>活动期间死亡当场复活无需道具！</color>,0,4=0,,,,,1,,15,,,
3503,0,谁是MVP！,MVP参与奖额外奖励,220,20200802=050000|20200810=045900,20200802=050000|20200810=045900,,,,,9,0,Festival,UI_Festival_08_BtnImage01.png,谁是MVP！,UI_Festival_08_lihui.png,Festival,UI_Festival_MvpBG.png,0=999,1,,,2,,活动期间，每日奖励次数增加，MVP刷新时间降低，获得参与奖会获得额外礼包,1,1=5100,前往,8060060,,,2,,9,,,
3504,0,谁是MVP！,MVP额外参与次数,220,20200802=050000|20200810=045900,20200802=050000|20200810=045900,,,,,9,0,Festival,UI_Festival_08_BtnImage01.png,谁是MVP！,UI_Festival_08_lihui.png,Festival,UI_Festival_MvpBG.png,0=999,1,,,2,,活动期间，每日奖励次数增加，MVP刷新时间降低，获得参与奖会获得额外礼包,1,1=5100,前往,8060060,,,1,,10,1001,,
3505,19000,小恶魔的献礼,小恶魔的献礼,220,20200705=050000|20200712=050000,20200705=050000|20200712=050000,,,,2044010=1,65,24,Festival_01,UI_Festival_97_demon_zy.png,小恶魔的献礼,UI_Festival_demon_zy.png,Festival_01,UI_Festival_demon_zy.png,0=999,1,,,,1,活动期间每天可领小恶魔兑换券（限时）×5！\n每天5:00重置，可再次领取！,1,1=5060,立即前往,2044010,,,1,,41,,,
1924,0,时装币活动,时装币活动,210,20210527=050000|20210624=050000,20210527=050000|20210624=050000,,,,,57,0,Festival,UI_Festival_95_shizhuangbi_zy.png,时装币活动,,Festival,UI_Festival_shizhuangbi05.png,0=999,1,,,2,1,时装币可兑换已经下架的时装。活动期间，击杀野怪有概率获得时装币，<color=$$Yellow$$>每日上限15个</color>，卖场中也有时装币出售。,1,3=1026,前往兑换,8057000,,,1,,8,317,,
1925,1881,六月特惠礼,,210,20200219=000000|20200319=235900,20200219=000000|20200319=235900,,,,,52,4,Festival,UI_Festival_93_BtnImage01_yyz.png,,,,,0=999,1,,,,,,,,,,,,1,,19,,,
3005,12004,回归招募,回归招募（新）,210,20210527=050000|20210627=050000,20210527=050000|20210627=050000,,,,,50,2,Festival,UI_Festival_huiliuzhaomu_02.png,回归招募,,,,55=999,1,,,,1,,0,1=12005,前往,4349980,,,1,,17,,,
3006,12004,回归招募,回归招募（新）-缔结后,210,20210527=050000|20210627=050000,20210527=050000|20210627=050000,,,,,50,2,Festival,UI_Festival_huiliuzhaomu_02.png,回归招募,,,,55=999,1,,,,1,,0,1=12005,前往,4349980,,,1,,24,,,101|102|103
1400,11880,掷骰子活动,掷骰子活动,220,20200712=050000|20200824=045900,20200712=050000|20200810=045900,,,20200810=050000|20200824=045900,,3,25,Festival,UI_Festival_yyz_55_BtnImage01.png,掷骰子活动,,Festival,UI_Festival_zhitouzi.png,0=999,1,,,,,,,,,,,,1,,42,2043001=1|2043002=100|2043002=60|2043002=20|2043002=20|2043002=20|2043002=20,,
3506,90001,驱逐魔物赐料理,击杀魔物掉落牛排和布丁,220,20200628=050000|20200712=050000,20200628=050000|20200712=050000,,,,,15,0,Festival,UI_Festival_34_BtnImage01.png,驱逐魔物赐料理,UI_Festival_03_lihui.png,Festival,UI_Festival_Zhuzhan.png,0=999,1,,,,5,活动期间驱逐魔物一定概率掉落“上线纪念牛排”和“上线纪念布丁”！,0,1=11405,魔物图鉴,8060240,,,1,,8,320,,
3508,12010,BINGO游戏,BINGO游戏,220,20200802=050000|20200830=050000,20200802=050000|20200816=050000,,,20200816=050000|20200830=050000,8057011=1|8057012=3|8057013=5|8057014=10|8057015=14,2,0,Festival,UI_Festival_02_BtnImage01.png,BINGO游戏,UI_Festival_02_lihui.png,Festival,UI_Festival_BingoBG.png,0=999,1,,,2,1,参与日常活动，获取数字宝箱，点亮数字，达成BINGO，赢取丰厚奖励！,1,1=12010,前往,8060010,,,1,,4,,,
3600,11710,委托大作战,委托大作战,220,20200802=050000|20200810=050000,20200802=050000|20200810=050000,,,,,65,26,Festival_jp,UI_Festival_98_weituoquan_zy.png,<color=#8b625e>委托大作战</color>,,Festival,UI_Festival_weituoquan_zy.png,0=999,1,,,,,活动期间内每日的委托券上限提升,1,1=117,前往,,,,1,,44,,,
20001,1885,特惠新礼,日本直购礼包,210,20210702=000000|20210709=235900,20210702=000000|20210709=235900,,,,,30,4,Festival,UI_Festival_46_BtnImage01.png,,,,,0=999,1,,,,,,,,,,,,1,,19,,,
20002,1886,特惠新礼,日本直购礼包,210,20210710=000000|20210717=235900,20210710=000000|20210717=235900,,,,,30,4,Festival,UI_Festival_46_BtnImage01.png,,,,,0=999,1,,,,,,,,,,,,1,,19,,,
4014,4014,奶油狂欢节,周年庆PVP,210,20210629=050000|20210729=050000,20210629=050000|20210729=050000,,110000=130000|160000=180000|220000=235959,,,1,0,Festival,UI_Festival_101_BtnImage01_zz.png,奶油狂欢节,UI_Festival_12_lihui.png,Festival,UI_Festival_oneyearFestivalBG.png,0=999,1,,,2,5,利用魔法蛋糕对其他玩家涂上奶油吧！！<color=#e77e0e>参与次数无限制，但每日最多获得3次奖励。</color>单局内根据对战结果获得积分和奖励！可以在艾丝处查看积分榜！积分只记录<color=#e77e0e>单局历史最高积分</color>哦！,0,3=61700,前往,3050610,0=0=2510=0=0=0=0=0|0=0=2511=0=0=0=0=0|0=0=2512=0=0=0=0=0,60=29229,1,,49,,2510,
3007,12004,回归招募,回归招募（新）,210,20210707=050000|20210807=050000,20210707=050000|20210807=050000,,,,,50,2,Festival,UI_Festival_huiliuzhaomu_02.png,回归招募,,,,55=999,1,,,,1,,0,1=12005,前往,4349980,,,1,,17,,,
3008,12004,回归招募,回归招募（新）-缔结后,210,20210707=050000|20210807=050000,20210707=050000|20210807=050000,,,,,50,2,Festival,UI_Festival_huiliuzhaomu_02.png,回归招募,,,,55=999,1,,,,1,,0,1=12005,前往,4349980,,,1,,24,,,101|102|103
20003,1887,特惠新礼,日本直购礼包,210,20210718=000000|20210725=235900,20210718=000000|20210725=235900,,,,,30,4,Festival,UI_Festival_46_BtnImage01.png,,,,,0=999,1,,,,,,,,,,,,1,,19,,,
20004,1881,酷夏清凉礼包,,220,20210723=050000|20210730=045959,20210723=050000|20210730=045959,,,,,31,4,Festival,UI_Festival_35_BtnImage01.png,,,,,0=999,1,,,,,,,,,,,,1,,19,,,
20005,1882,酷夏清凉礼包,,220,20210730=050000|20210806=045959,20210730=050000|20210806=045959,,,,,32,4,Festival,UI_Festival_35_BtnImage01.png,,,,,0=999,1,,,,,,,,,,,,1,,19,,,
1926,1886,单个直购礼包1,,210,20200219=000000|20200319=235900,20200219=000000|20200319=235900,,,,,52,23,Festival,UI_Festival_94_kapula_zy.png,特惠单个直购礼包1,,,,0=999,1,,,,,特惠单个直购礼包1特惠单个直购礼包1特惠单个直购礼包1特惠单个直购礼包1特惠单个直购礼包1,,,,,,,1,,39,,,
1927,1887,单个直购礼包2,,210,20200219=000000|20200319=235900,20200219=000000|20200319=235900,,,,,53,23,Festival,UI_Festival_94_kapula_zy.png,特惠单个直购礼包2,,,,0=999,1,,,,,特惠单个直购礼包2特惠单个直购礼包2特惠单个直购礼包2特惠单个直购礼包2特惠单个直购礼包2,,,,,,,1,,39,,,
1928,1888,单个直购礼包3,,210,20200219=000000|20200319=235900,20200219=000000|20200319=235900,,,,,54,23,Festival,UI_Festival_94_kapula_zy.png,特惠单个直购礼包3,,,,0=999,1,,,,,特惠单个直购礼包3特惠单个直购礼包3特惠单个直购礼包3,,,,,,,1,,39,,,
3100,11882,集字兑换,集字兑换,210,20210629=050000|20210806=050000,20210629=050000|20210730=050000,,,20210629=050000|20210806=050000,,50,28,Festival_New,UI_Festival_100_collect_zy.png,集字兑换,,Festival,UI_Festival_collect_zy.png,0=999,1,,,,,道具销毁，兑换截止时间：2021.08.14 05:00,,,,,,,1,,43,,,
3101,0,集字兑换,集字兑换,210,20210629=050000|20210730=050000,20210629=050000|20210730=050000,,,,,50,0,Festival_New,UI_Festival_100_collect_zy.png,集字兑换,,Festival,UI_Festival_collect_zy.png,0=999,1,,,,,,,,,,,,2,,8,318,,
3102,1212,战斗的渴望,周末挂机活动,210,20210120=050000|20210121=050000,20210120=050000|20210121=050000,,,,,25,0,Festival,UI_Festival_guajihuodong.png,战斗的渴望,,Festival,UI_Festival_GuaJiBG.png,0=999,1,,,2,1,活动期间，玩家每日可以获得额外60分钟挂机时间和60分钟魔物驱逐时间，第二天时间会重置，不会累加,1,1=5120,前往,8060230,,,1,,34,60=1|60=2,,
3103,1212,战斗的渴望,周末挂机活动,210,20210123=050000|20210125=050000,20210123=050000|20210125=050000,,,,,25,0,Festival,UI_Festival_guajihuodong.png,战斗的渴望,,Festival,UI_Festival_GuaJiBG.png,0=999,1,,,2,1,活动期间，玩家每日可以获得额外60分钟挂机时间和60分钟魔物驱逐时间，第二天时间会重置，不会累加,1,1=5120,前往,8060230,,,1,,34,60=1|60=2,,
1929,1883,七月特惠礼,,210,20200219=000000|20200319=235900,20200219=000000|20200319=235900,,,,,52,4,Festival,UI_Festival_93_BtnImage01_yyz.png,,,,,85=999,1,,,,,,,,,,,,1,,19,,,
1930,29901,幸运树,临时测试数据,210,20200219=000000|20200319=235900,20200219=000000|20200319=235900,,,,,100,31,Festival,UI_Festival_96_tree_zy.png,幸运树,,,,0=999,1,,,,,,,,,,,,1,,50,,,
1931,29903,幸运树,临时测试数据,210,20200219=000000|20200319=235900,20200219=000000|20200319=235900,,,,,100,31,Festival,UI_Festival_96_tree_zy.png,幸运树,,,,0=999,1,,,,,,,,,,,,1,,50,,,
1932,1886,庆典专属礼,周年庆祝福礼盒Ⅰ,210,20200219=000000|20200319=235900,20200219=000000|20200319=235900,,,,,55,23,Festival,UI_Festival_94_kapula_zy.png,庆典专属礼,,,,0=999,1,,,,,注：该礼包的道具是绑定道具,,,,,,,1,,39,,,
1933,1887,庆典专属礼,周年庆祝福礼盒Ⅱ,210,20200219=000000|20200319=235900,20200219=000000|20200319=235900,,,,,56,23,Festival,UI_Festival_94_kapula_zy.png,庆典专属礼,,,,0=999,1,,,,,注：该礼包的道具是绑定道具,,,,,,,1,,39,,,
1934,1888,庆典专属礼,周年庆祝福礼盒Ⅲ,210,20200219=000000|20200319=235900,20200219=000000|20200319=235900,,,,,57,23,Festival,UI_Festival_94_kapula_zy.png,庆典专属礼,,,,0=999,1,,,,,注：该礼包的道具是绑定道具,,,,,,,1,,39,,,
1935,1881,八月特惠礼,,210,20200219=000000|20200319=235900,20200219=000000|20200319=235900,,,,,52,4,Festival,UI_Festival_93_BtnImage01_yyz.png,,,,,0=999,1,,,,,,,,,,,,1,,19,,,
1936,18810,庆典欢乐礼盒,,210,20200219=000000|20200319=235900,20200219=000000|20200319=235900,,,,,56,23,Festival,UI_Festival_94_kapula_zy.png,庆典欢乐礼盒,,,,0=999,1,,,,,庆典欢乐礼盒,,,,,,,1,,39,,,
3509,11890,猫手商队,猫手商队双倍活动,220,20200823=050000|20200831=045959,20200823=050000|20200831=045959,,,,,15,33,Festival_01,UI_Festival_99_catcarvan_wcx.png,猫手商队双倍活动,,Festival,UI_Festival_catcarvandouble.png,0=999,1,,,,,活动期间，猫手商队装货可获得2倍声望！,,1=5131,前往,,,,,,53,,,
35001,90000,瓦尔基里的眷顾,免费复活活动,220,20200628=050000|20200712=050000,20200628=050000|20200712=050000,,,,,15,0,Festival_jp,UI_Festival_96_revive_zy.png,瓦尔基里的眷顾,,Festival,UI_Festival_revive_zy.png,0=999,1,,,,,<color=#FFFFFF>活动期间死亡当场复活无需道具！</color>,0,4=0,,,,,1,,15,,,
3051,12001,宝藏猎人,,220,20201029=050000|20201105=050000,20201029=050000|20201105=050000,,213000=233000,,,10,0,Festival,UI_Festival_01_BtnImage01.png,宝藏猎人,UI_Festival_01_lihui.png,Festival,UI_Festival_TreasureHunterBG.png,0=999,1,,3,2,1,成为一名宝藏猎人，寻找神秘魔物掩藏的宝藏，有机会勘探出惊喜奖励！,1,1=12001,前往,8060110,,,1,6001000,2,22001010,,
31000,1212,战斗的渴望,周末挂机活动,220,20210123=050000|20210125=050000,20210123=050000|20210125=050000,,,,,25,0,Festival,UI_Festival_guajihuodong.png,战斗的渴望,,Festival,UI_Festival_GuaJiBG.png,0=999,1,,,2,1,活动期间，玩家每日可以获得额外60分钟挂机时间和60分钟魔物驱逐时间，第二天时间会重置，不会累加,1,1=5120,前往,8060230,,,1,,34,60=1|60=2,,
31001,1212,战斗的渴望,周末挂机活动,220,20210123=050000|20210125=050000,20210123=050000|20210125=050000,,,,,25,0,Festival,UI_Festival_guajihuodong.png,战斗的渴望,,Festival,UI_Festival_GuaJiBG.png,0=999,1,,,2,1,活动期间，玩家每日可以获得额外60分钟挂机时间和60分钟魔物驱逐时间，第二天时间会重置，不会累加,1,1=5120,前往,8060230,,,1,,34,60=1|60=2,,
31002,1212,战斗的渴望,周末挂机活动,220,20210123=050000|20210125=050000,20210123=050000|20210125=050000,,,,,25,0,Festival,UI_Festival_guajihuodong.png,战斗的渴望,,Festival,UI_Festival_GuaJiBG.png,0=999,1,,,2,1,活动期间，玩家每日可以获得额外60分钟挂机时间和60分钟魔物驱逐时间，第二天时间会重置，不会累加,1,1=5120,前往,8060230,,,1,,34,60=1|60=2,,
31003,1212,战斗的渴望,周末挂机活动,220,20210123=050000|20210125=050000,20210123=050000|20210125=050000,,,,,25,0,Festival,UI_Festival_guajihuodong.png,战斗的渴望,,Festival,UI_Festival_GuaJiBG.png,0=999,1,,,2,1,活动期间，玩家每日可以获得额外60分钟挂机时间和60分钟魔物驱逐时间，第二天时间会重置，不会累加,1,1=5120,前往,8060230,,,1,,34,60=1|60=2,,
2102,14030,15日签到礼,15日新服签到,220,20210328=050000|20210430=045900,20210328=050000|20210430=045900,,,,,23,5,Festival_New,UI_FestivalNew_Btn_03_zy.png,<color=#ffffff>上线纪念</color>|<color=#402e23>15日签到礼</color>,,Festival,UI_Festival_15riBG_liwu.png,0=999,1,,,2,1,<color=#846F58>冒险者，欢迎你的加入，在新服活动期间，我们为你准备了内容丰富的15日登录礼，累计登录即可领奖。祝你在RO的每一天都充实快乐！</color>,0,,,,,,1,,20,,,
1065,0,超极限挑战,极限挑战活动掉落增加,200,20201116=050000|20201120=050000,20201115=050000|20201120=050000,,,,,10,0,Festival,UI_Festival_10_BtnImage01.png,超极限挑战,UI_Festival_10_lihui.png,Festival,UI_Festival_JiXianBG.png,0=999,1,,,,3,活动期间参与极限挑战，基础经验和铜币奖励变为1.5倍，有概率获得额外礼包,1,1=5140,前往,8060070,,,1,,8,303,,
